Tokens,Tokens (group),Tokens (group) 1,Volume,Year,Number of Records,Pages
Africans,Africans,Africans,1,1827,1,2
Carthaginians,Carthagenians & Carthaginians,Carthaginians,1,1827,1,2
Arians,Arians,Arians,1,1827,1,1
Jews,Jews,Jews,1,1827,1,6
Romans,Romans,Romans,1,1827,1,6
Arabs,"Arabes, Arabians, Arabs",Arabs,1,1827,1,9
Egyptians,Egyptians,Egyptians,1,1827,1,1
Syrians,Syrians,Syrians,1,1827,1,1
Goths,Goths,Goths,1,1827,1,2
Christians,Christians,Christians,1,1827,1,24
Galicians,Galicians & Gallicians,Galicians,1,1827,1,4
Moors,Moors,Moors,1,1827,1,1
Beddoes,Beddoes,Beddoes,1,1827,1,1
Germans,Germans,Germans,1,1827,1,25
Russians,Russians,Russians,1,1827,1,25
Austrians,Austrians & Austriuns,Austrians & Austriuns,1,1827,1,19
Turks,"Turcomans, Turk, Turkmans and 2 more",Turks,1,1827,1,23
Italians,Italians,Italians & Italiennes,1,1827,1,11
Jesuits,Jesuits,Jesuits,1,1827,1,12
Abyssinians,Abyssinians,Abyssinians,1,1827,1,1
Anglo-Americans,Anglo-Americans,Anglo-Americans,1,1827,1,1
Negroes,"Negocians, Negritos, Negroes",Negroes,1,1827,1,2
English,"English, Englishman', Englishmen",English,1,1827,1,1
Spaniards,Spaniards,Spaniards,1,1827,1,1
Venetians,Venetians,Venetians,1,1827,1,4
French,"French, Frenchman, Frenchmen",French,1,1827,1,2
Frenchmen,"French, Frenchman, Frenchmen",Frenchmen,1,1827,1,1
Athenians,Athenians,Athenians,1,1827,1,1
Cimbrians,Cimbrians,Cimbrians,1,1827,1,1
Danes,Danes,Danes,1,1827,1,2
Frisians,Frisians,Frisians,1,1827,1,1
Macedonians,Macedonians,Macedonians,1,1827,1,1
Normans,Normans,Normans,1,1827,1,2
Phoenicians,"Phcenicians, Phenicians, Phoenicians",Phoenicians,1,1827,1,1
Esthonians,Esthonians,Esthonians,1,1827,1,1
Israelites,Israelites,Israelites,1,1827,1,2
Livonians,Livonians,Livonians,1,1827,1,1
Poles,Poles,Poles,1,1827,1,4
Bulgarians,Bulgarians,Bulgarians,1,1827,1,1
Dalmatians,Dalmatians,Dalmatians,1,1827,1,1
Hungarians,Hungarians,Hungarians,1,1827,1,3
Servians,Servians,Servians,1,1827,1,1
Jesuites,Jesuites,Jesuites,1,1827,1,1
Gaules,Gaules & Gauls,Gaules,1,1827,1,1
Britons,Britons,Britons,1,1827,1,2
Guelfs,Guelfs & Guelphs,Guelfs,1,1827,1,1
Peruvians,Peruvians,Peruvians,1,1827,1,1
Ouralians,Ouralians,Ouralians,1,1827,1,1
Persians,Persians,Persians,1,1827,1,2
Japanese,Japanese,Japanese,1,1827,1,1
Indians,Indians,Indians,1,1827,1,1
Europeans,Europeans,Europeans,1,1827,1,2
Hussites,Hussites,Hussites,1,1827,1,1
Fatemites,Fatemites,Fatemites,1,1827,1,1
Ismailites,Ismaelians & Ismailites,Ismailites,1,1827,1,4
Moslems,"Moslemans, Moslems, Moslims and 3 more",Moslems,1,1827,1,1
Catholics,Catholics,Catholics,1,1827,1,17
Protestants,Protestants,Protestants,1,1827,1,4
Roman,Roman,Roman,1,1827,1,1
Swedes,Swedes,Swedes,1,1827,1,2
Lithuanians,Lithuanians,Lithuanians,1,1827,1,1
Armeniennes,"Armenians, Armeniennes, Arminians",Armenians & Armeniennes,1,1827,1,1
Tartars,Tartars,Tartars,1,1827,1,1
Africans,Africans,Africans,2,1828,1,2
Austrians,Austrians & Austriuns,Austrians & Austriuns,2,1828,1,3
Germans,Germans,Germans,2,1828,1,14
Americans,"Americaines, Americains, Americans",Americans,2,1828,1,5
Europeans,Europeans,Europeans,2,1828,1,3
Italians,Italians,Italians & Italiennes,2,1828,1,20
Scythians,Scythians,Scythians,2,1828,1,1
Scandinavians,Scandinavians,Scandinavians,2,1828,1,12
Danes,Danes,Danes,2,1828,1,2
Bohemians,Bohemians,Bohemians,2,1828,1,3
Poles,Poles,Poles,2,1828,1,1
Russians,Russians,Russians,2,1828,1,4
Servians,Servians,Servians,2,1828,1,1
Sorabians,Sorabians,Sorabians,2,1828,1,1
Christians,Christians,Christians,2,1828,1,4
Turks,"Turcomans, Turk, Turkmans and 2 more",Turks,2,1828,1,37
Moravians,Moravians,Moravians,2,1828,1,3
Mussulmans,"Moslemans, Moslems, Moslims and 3 more",Mussulmans,2,1828,1,2
Jews,Jews,Jews,2,1828,1,9
Jesuits,Jesuits,Jesuits,2,1828,1,7
Indians,Indians,Indians,2,1828,1,4
Persians,Persians,Persians,2,1828,1,7
Banians,Banians,Banians,2,1828,1,1
Tibetians,Tibetians,Tibetians,2,1828,1,1
Mexicans,Mexicans,Mexicans,2,1828,1,4
Peruvians,Peruvians,Peruvians,2,1828,1,3
Arabians,"Arabes, Arabians, Arabs",Arabians,2,1828,1,4
Armenians,"Armenians, Armeniennes, Arminians",Armenians & Armeniennes,2,1828,1,1
Romans,Romans,Romans,2,1828,1,16
Venetians,Venetians,Venetians,2,1828,1,3
Neapolitans,Neapolitans,Neapolitans,2,1828,1,2
Catholics,Catholics,Catholics,2,1828,1,6
Parisians,Parisians,Parisians,2,1828,1,1
Mohicans,Mohicans,Mohicans,2,1828,1,1
Tuscans,Tuscans,Tuscans,2,1828,1,8
Frenchmen,"French, Frenchman, Frenchmen",Frenchmen,2,1828,1,1
Arabs,"Arabes, Arabians, Arabs",Arabs,2,1828,1,10
Negroes,"Negocians, Negritos, Negroes",Negroes,2,1828,1,4
Ethiopians,Ethiopians,Ethiopians,2,1828,1,1
Carians,Carians,Carians,2,1828,1,1
Ionians,Ionians,Ionians,2,1828,1,1
Volscians,Volscians,Volscians,2,1828,1,1
Affgauns,"Affgauns, Affghans, Afghans",Affgauns,2,1828,1,1
Arcadians,Arcadians,Arcadians,2,1828,1,2
Ausonians,Ausonians,Ausonians,2,1828,1,1
CEnotrians,CEnotrians,CEnotrians,2,1828,1,1
Epirotians,Epirotians,Epirotians,2,1828,1,1
Latins,Latins,Latins,2,1828,1,3
Macedonians,Macedonians,Macedonians,2,1828,1,1
Molossians,Molossians,Molossians,2,1828,1,1
Thesprctians,Thesprctians,Thesprctians,2,1828,1,1
Liburnians,Liburnians,Liburnians,2,1828,1,1
Pelasgians,Pelasgians,Pelasgians,2,1828,1,3
Feroes,Feroes,Feroes,2,1828,1,1
Etrurians,Etrurians,Etrurians,2,1828,1,2
Ligurians,Ligurians,Ligurians,2,1828,1,2
Britons,Britons,Britons,2,1828,1,1
Gergithians,Gergithians,Gergithians,2,1828,1,1
Hungarians,Hungarians,Hungarians,2,1828,1,2
Lavinians,Lavinians,Lavinians,2,1828,1,1
Patricians,Patricians,Patricians,2,1828,1,11
Carthaginians,Carthagenians & Carthaginians,Carthaginians,2,1828,1,2
Irish,Irish,Irish,2,1828,1,4
Protestants,Protestants,Protestants,2,1828,1,2
Corinthians,Corinthians,Corinthians,2,1828,1,1
Paixhans,Paixhans,Paixhans,2,1828,1,5
French,"French, Frenchman, Frenchmen",French,2,1828,1,1
Illyrians,Illyrians,Illyrians,2,1828,1,1
Biscayans,Biscayans,Biscayans,2,1828,1,1
Batavians,Batavians,Batavians,2,1828,1,1
Jesuites,Jesuites,Jesuites,2,1828,1,1
Musulmans,"Moslemans, Moslems, Moslims and 3 more",Musulmans,2,1828,1,1
Architects,Architects,Architects,2,1828,1,1
Aexonians,Aexonians,Aexonians,4,1829,1,1
Als,Als,Als,4,1829,1,1
Americans,"Americaines, Americains, Americans",Americans,4,1829,1,6
Amicis,Amicis,Amicis,4,1829,1,1
Anglicans,Anglicans,Anglicans,4,1829,1,1
Arabians,"Arabes, Arabians, Arabs",Arabians,4,1829,1,1
Arabs,"Arabes, Arabians, Arabs",Arabs,4,1829,1,3
Araucanians,Araucanians,Araucanians,4,1829,1,10
Arians,Arians,Arians,4,1829,1,1
Armenians,"Armenians, Armeniennes, Arminians",Armenians & Armeniennes,4,1829,1,5
Asiatics,Asiatic & Asiatics,Asiatic & Asiatics,4,1829,1,1
Austrasians,Austrasians,Austrasians,4,1829,1,1
Belgians,Belgians,Belgians,4,1829,1,1
Berenices,Berenices,Berenices,4,1829,1,1
Bisthums,Bisthums,Bisthums,4,1829,1,1
Blacas,Blacas & Blacks,Blacas,4,1829,1,2
Blacks,Blacas & Blacks,Blacks,4,1829,1,1
Bohemians,Bohemians,Bohemians,4,1829,1,1
Bords,Bords,Bords,4,1829,1,1
British,British,British,4,1829,1,1
Burgos,Burgos,Burgos,4,1829,1,1
Burgundians,Burgundians,Burgundians,4,1829,1,2
Carmelites,Carmelites,Carmelites,4,1829,1,2
Carthaginians,Carthagenians & Carthaginians,Carthaginians,4,1829,1,1
Catholics,Catholics,Catholics,4,1829,1,28
Chinese,Chinese,Chinese,4,1829,1,1
Christians,Christians,Christians,4,1829,1,18
Circassians,Circassians,Circassians,4,1829,1,1
Cours,Cours,Cours,4,1829,1,1
Creoles,Creoles,Creoles,4,1829,1,2
Croppies,Croppies,Croppies,4,1829,1,1
Crusaders,Crusaders,Crusaders,4,1829,1,2
Dutch,Dutch,Dutch,4,1829,1,4
Episcopalians,Episcopalians,Episcopalians,4,1829,1,1
Etruscans,Etruscans,Etruscans,4,1829,1,1
Euleriennes,Euleriennes,Euleriennes,4,1829,1,1
Europeans,Europeans,Europeans,4,1829,1,8
Freemasons,Free-Masons & Freemasons,Freemasons,4,1829,1,2
Free-Masons,Free-Masons & Freemasons,Free-Masons,4,1829,1,1
French,"French, Frenchman, Frenchmen",French,4,1829,1,1
Frenchman,"French, Frenchman, Frenchmen",Frenchman,4,1829,1,1
Frenchmen,"French, Frenchman, Frenchmen",Frenchmen,4,1829,1,2
Georgians,Georgians,Georgians,4,1829,1,6
Germans,Germans,Germans,4,1829,1,9
Goths,Goths,Goths,4,1829,1,3
Guelphs,Guelfs & Guelphs,Guelphs,4,1829,1,1
Heretics,Heretics,Heretics,4,1829,1,1
Hungarians,Hungarians,Hungarians,4,1829,1,3
Huns,Huns,Huns,4,1829,1,1
Imeretians,Imeretians,Imeretians,4,1829,1,1
Indians,Indians,Indians,4,1829,1,18
Irish,Irish,Irish,4,1829,1,7
Ismailites,Ismaelians & Ismailites,Ismailites,4,1829,1,1
Italians,Italians,Italians & Italiennes,4,1829,1,3
Ivrc,Ivrc,Ivrc,4,1829,1,1
Janizaries,Janizaries,Janizaries,4,1829,1,1
Jesuits,Jesuits,Jesuits,4,1829,1,7
Jews,Jews,Jews,4,1829,1,8
Latins,Latins,Latins,4,1829,1,2
Mexicans,Mexicans,Mexicans,4,1829,1,6
Mingrelians,Mingrelians,Mingrelians,4,1829,1,1
Moslems,"Moslemans, Moslems, Moslims and 3 more",Moslems,4,1829,1,7
Moslims,"Moslemans, Moslems, Moslims and 3 more",Moslims,4,1829,1,2
Mulattoes,Mulattoes,Mulattoes,4,1829,1,1
Mussulmans,"Moslemans, Moslems, Moslims and 3 more",Mussulmans,4,1829,1,1
Neapolitans,Neapolitans,Neapolitans,4,1829,1,1
Negroes,"Negocians, Negritos, Negroes",Negroes,4,1829,1,1
Ottomans,Ottomans,Ottomans,4,1829,1,1
Parisians,Parisians,Parisians,4,1829,1,1
Persians,Persians,Persians,4,1829,1,6
Peruvians,Peruvians,Peruvians,4,1829,1,1
Phios,Phios,Phios,4,1829,1,1
Poles,Poles,Poles,4,1829,1,1
Presbyterians,Presbyterians,Presbyterians,4,1829,1,1
Protestants,Protestants,Protestants,4,1829,1,4
Romans,Romans,Romans,4,1829,1,7
Rotgans,Rotgans,Rotgans,4,1829,1,1
Russians,Russians,Russians,4,1829,1,18
Saracens,Saracens,Saracens,4,1829,1,1
Scandinavians,Scandinavians,Scandinavians,4,1829,1,6
Scythians,Scythians,Scythians,4,1829,1,1
Septentrionalians,Septentrionalians,Septentrionalians,4,1829,1,1
Slovachians,Slovachians,Slovachians,4,1829,1,1
Soissons,Soissons,Soissons,4,1829,1,2
Spaniards,Spaniards,Spaniards,4,1829,1,1
Tatars,Tatars,Tatars,4,1829,1,2
Templars,Templars,Templars,4,1829,1,1
Thans,Thans,Thans,4,1829,1,1
Thracians,Thracians,Thracians,4,1829,1,1
Turcomans,"Turcomans, Turk, Turkmans and 2 more",Turcomans,4,1829,1,2
Turkmans,"Turcomans, Turk, Turkmans and 2 more",Turkmans,4,1829,1,4
Turks,"Turcomans, Turk, Turkmans and 2 more",Turks,4,1829,1,45
Tuscans,Tuscans,Tuscans,4,1829,1,1
Venetians,Venetians,Venetians,4,1829,1,1
Vincennes,Vincennes,Vincennes,4,1829,1,1
Visigoths,Visigoths,Visigoths,4,1829,1,4
Vosges,Vosges,Vosges,4,1829,1,1
Whites,Whites,Whites,4,1829,1,1
Arabians,"Arabes, Arabians, Arabs",Arabians,3,1829,1,15
Arabs,"Arabes, Arabians, Arabs",Arabs,3,1829,1,13
Indians,Indians,Indians,3,1829,1,4
Koreishites,Koreishites,Koreishites,3,1829,1,1
Jews,Jews,Jews,3,1829,1,10
Syrians,Syrians,Syrians,3,1829,1,1
Turks,"Turcomans, Turk, Turkmans and 2 more",Turks,3,1829,1,18
Berengers,Berengers,Berengers,3,1829,1,2
Christians,Christians,Christians,3,1829,1,2
Catalonians,Catalonians,Catalonians,3,1829,1,1
Europeans,Europeans,Europeans,3,1829,1,4
Moors,Moors,Moors,3,1829,1,1
Musulmans,"Moslemans, Moslems, Moslims and 3 more",Musulmans,3,1829,1,2
Hungarians,Hungarians,Hungarians,3,1829,1,11
Germans,Germans,Germans,3,1829,1,12
Huns,Huns,Huns,3,1829,1,1
Moslems,"Moslemans, Moslems, Moslims and 3 more",Moslems,3,1829,1,4
Scythians,Scythians,Scythians,3,1829,1,1
Jesuits,Jesuits,Jesuits,3,1829,1,2
Austrians,Austrians & Austriuns,Austrians & Austriuns,3,1829,1,4
Slavonians,Slavonians,Slavonians,3,1829,1,2
Tartars,Tartars,Tartars,3,1829,1,2
Transylvanians,Transylvanians,Transylvanians,3,1829,1,1
Catholics,Catholics,Catholics,3,1829,1,7
Irish,Irish,Irish,3,1829,1,1
Englishman',"English, Englishman', Englishmen",Englishman',3,1829,1,1
Russians,Russians,Russians,3,1829,1,33
Poles,Poles,Poles,3,1829,1,21
Pomeranians,Pomeranians,Pomeranians,3,1829,1,1
Mahometans,Mahometans,Mahometans,3,1829,1,2
Bulgarians,Bulgarians,Bulgarians,3,1829,1,2
Scandinavians,Scandinavians,Scandinavians,3,1829,1,2
Pagans,Pagans,Pagans,3,1829,1,1
Moscovites,Moscovites,Moscovites,3,1829,1,1
Lithuanians,Lithuanians,Lithuanians,3,1829,1,6
Thesprotians,Thesprotians,Thesprotians,3,1829,1,2
Argyrians,Argyrians,Argyrians,3,1829,1,1
Cimmerians,Cimmerians,Cimmerians,3,1829,1,1
Venetians,Venetians,Venetians,3,1829,1,2
Finns,Finns,Finns,3,1829,1,1
Protestants,Protestants,Protestants,3,1829,1,3
Americans,"Americaines, Americains, Americans",Americans,3,1829,1,3
Anti-Christians,Anti-Christians,Anti-Christians,3,1829,1,1
Anti-Trinitarians,Anti-Trinitarians,Anti-Trinitarians,3,1829,1,1
Parisians,Parisians,Parisians,3,1829,1,1
Italians,Italians,Italians & Italiennes,3,1829,1,6
Athenians,Athenians,Athenians,3,1829,1,1
Barbarians,Barbarians,Barbarians,3,1829,1,2
Jesuites,Jesuites,Jesuites,3,1829,1,1
Egyptians,Egyptians,Egyptians,3,1829,1,2
Frenchmen,"French, Frenchman, Frenchmen",Frenchmen,3,1829,1,1
Whites,Whites,Whites,3,1829,1,2
Negroes,"Negocians, Negritos, Negroes",Negroes,3,1829,1,1
Tuscans,Tuscans,Tuscans,3,1829,1,1
Warsavians,Warsavians,Warsavians,3,1829,1,3
Palatinates,Palatinates & Palatines,Palatinates,3,1829,1,1
Romans,Romans,Romans,3,1829,1,6
Batavians,Batavians,Batavians,3,1829,1,3
Belgians,Belgians,Belgians,3,1829,1,1
Frisians,Frisians,Frisians,3,1829,1,6
Biscayans,Biscayans,Biscayans,3,1829,1,1
Georgians,Georgians,Georgians,3,1829,1,1
Anglo-Americans,Anglo-Americans,Anglo-Americans,3,1829,1,1
Carthaginians,Carthagenians & Carthaginians,Carthaginians,3,1829,1,1
Persians,Persians,Persians,3,1829,1,1
Boeotians,Boeotians,Boeotians,5,1830,1,1
Italians,Italians,Italians & Italiennes,5,1830,1,5
Germans,Germans,Germans,5,1830,1,6
Russians,Russians,Russians,5,1830,1,5
Anglo-Americans,Anglo-Americans,Anglo-Americans,5,1830,1,1
Indians,Indians,Indians,5,1830,1,20
Sikhs,"Sieks, Sieyes, Sikhs and 1 more",Sikhs,5,1830,1,1
Arabs,"Arabes, Arabians, Arabs",Arabs,5,1830,1,16
Turks,"Turcomans, Turk, Turkmans and 2 more",Turks,5,1830,1,2
Protestants,Protestants,Protestants,5,1830,1,6
Christians,Christians,Christians,5,1830,1,2
Chinese,Chinese,Chinese,5,1830,1,4
Europeans,Europeans,Europeans,5,1830,1,9
Scandinavians,Scandinavians,Scandinavians,5,1830,1,1
Catholics,Catholics,Catholics,5,1830,1,13
Irish,Irish,Irish,5,1830,1,1
Palatinates,Palatinates & Palatines,Palatinates,5,1830,1,1
Conformities,Conformities,Conformities,5,1830,1,1
Mussulmans,"Moslemans, Moslems, Moslims and 3 more",Mussulmans,5,1830,1,2
Jews,Jews,Jews,5,1830,1,1
Tousjours,Tousjours,Tousjours,5,1830,1,1
Saracens,Saracens,Saracens,5,1830,1,1
Frenchmen,"French, Frenchman, Frenchmen",Frenchmen,5,1830,1,1
Americans,"Americaines, Americains, Americans",Americans,5,1830,1,9
Arabes,"Arabes, Arabians, Arabs",Arabes,5,1830,1,1
French,"French, Frenchman, Frenchmen",French,5,1830,1,1
Jesuits,Jesuits,Jesuits,5,1830,1,6
Tatars,Tatars,Tatars,5,1830,1,1
Hanoverians,Hanoverians,Hanoverians,5,1830,1,1
Tuscans,Tuscans,Tuscans,5,1830,1,1
Carlovingians,Carlovingians,Carlovingians,5,1830,1,1
Parisians,Parisians,Parisians,5,1830,1,5
Carmelites,Carmelites,Carmelites,5,1830,1,1
Whigs,Whigs,Whigs,5,1830,1,1
Republicans,Republicans,Republicans,5,1830,1,2
Creoles,Creoles,Creoles,5,1830,1,3
Mexicans,Mexicans,Mexicans,5,1830,1,4
Texians,Texians,Texians,5,1830,1,2
Yankees,Yankees,Yankees,5,1830,1,1
Consideragoes,Consideragoes,Consideragoes,5,1830,1,1
Bleeckers,Bleeckers,Bleeckers,5,1830,1,1
Pagans,Pagans,Pagans,5,1830,1,2
Australians,Australians,Australians,5,1830,1,1
RussianNobles,RussianNobles,RussianNobles,5,1830,1,1
Colonies,Colonies,Colonies,5,1830,1,1
Capuchins,Capuchins,Capuchins,6,1830,1,1
Jesuits,Jesuits,Jesuits,6,1830,1,1
Sempels,Sempels,Sempels,6,1830,1,1
Norwegians,Norwegians,Norwegians,6,1830,1,7
Helvetians,Helvetians,Helvetians,6,1830,1,1
Danes,Danes,Danes,6,1830,1,10
Germans,Germans,Germans,6,1830,1,7
Visigoths,Visigoths,Visigoths,6,1830,1,1
Swedes,Swedes,Swedes,6,1830,1,1
Himlens,Himlens,Himlens,6,1830,1,1
Roes,Roes,Roes,6,1830,1,1
Peuples,Peuples,Peuples,6,1830,1,1
Europeans,Europeans,Europeans,6,1830,1,8
Americans,"Americaines, Americains, Americans",Americans,6,1830,1,3
Christians,Christians,Christians,6,1830,1,9
Masons,Masons,Masons,6,1830,1,1
Mussulmans,"Moslemans, Moslems, Moslims and 3 more",Mussulmans,6,1830,1,4
Arabs,"Arabes, Arabians, Arabs",Arabs,6,1830,1,4
Negroes,"Negocians, Negritos, Negroes",Negroes,6,1830,1,2
Russians,Russians,Russians,6,1830,1,7
Breotians,Breotians,Breotians,6,1830,1,1
Locrians,Locrians,Locrians,6,1830,1,2
Magnetes,Magnetes,Magnetes,6,1830,1,2
Melians,Melians,Melians,6,1830,1,1
Perrhcebians,Perrhcebians,Perrhcebians,6,1830,1,1
Phocians,Phocians,Phocians,6,1830,1,1
Thessalians,Thessalians,Thessalians,6,1830,1,2
Amphissians,Amphissians,Amphissians,6,1830,1,1
Lacedaemonians,Lacedaemonians,Lacedaemonians,6,1830,1,2
Persians,Persians,Persians,6,1830,1,10
Romans,Romans,Romans,6,1830,1,9
Boeotians,Boeotians,Boeotians,6,1830,1,2
Malians,Malians,Malians,6,1830,1,1
Egyptians,Egyptians,Egyptians,6,1830,1,2
Indians,Indians,Indians,6,1830,1,2
Unitarians,Unitarians,Unitarians,6,1830,1,1
Asiatics,Asiatic & Asiatics,Asiatic & Asiatics,6,1830,1,1
Turks,"Turcomans, Turk, Turkmans and 2 more",Turks,6,1830,1,12
Moutons,Moutons,Moutons,6,1830,1,1
Armenians,"Armenians, Armeniennes, Arminians",Armenians & Armeniennes,6,1830,1,1
Britons,Britons,Britons,6,1830,1,2
Italians,Italians,Italians & Italiennes,6,1830,1,9
Austrians,Austrians & Austriuns,Austrians & Austriuns,6,1830,1,2
Poles,Poles,Poles,6,1830,1,4
Venetians,Venetians,Venetians,6,1830,1,3
Catholics,Catholics,Catholics,6,1830,1,4
Protestans,Protestans,Protestans,6,1830,1,1
Colonies,Colonies,Colonies,6,1830,1,2
Israelites,Israelites,Israelites,6,1830,1,2
Scandinavians,Scandinavians,Scandinavians,6,1830,1,2
Normans,Normans,Normans,6,1830,1,4
Bavarians,Bavarians,Bavarians,6,1830,1,1
Comites,Comites,Comites,6,1830,1,1
Troubadours,Troubadours,Troubadours,6,1830,1,3
Flanders,Flanders,Flanders,6,1830,1,2
Hungarians,Hungarians,Hungarians,6,1830,1,2
Saracens,Saracens,Saracens,6,1830,1,2
Pagans,Pagans,Pagans,6,1830,1,2
Goths,Goths,Goths,6,1830,1,1
Paladins,Paladins,Paladins,6,1830,1,4
Prussians,Prussians,Prussians,6,1830,1,1
Syrians,Syrians,Syrians,6,1830,1,1
Rosicrucians,Rosicrucians,Rosicrucians,6,1830,1,1
Pythagoreans,Pythagoreans,Pythagoreans,6,1830,1,1
Jews,Jews,Jews,6,1830,1,5
Scythians,Scythians,Scythians,6,1830,1,1
Bohemians,Bohemians,Bohemians,6,1830,1,1
Belgians,Belgians,Belgians,6,1830,1,14
Dutch,Dutch,Dutch,6,1830,1,2
Tielmans,Tielemans & Tielmans,Tielmans,6,1830,1,1
Cubans,Cubans,Cubans,6,1830,1,1
Parisians,Parisians,Parisians,6,1830,1,1
Payennes,Payennes,Payennes,6,1830,1,1
Tielemans,Tielemans & Tielmans,Tielemans,6,1830,1,1
Bleibergcs,Bleibergcs,Bleibergcs,6,1830,1,1
Blacas,Blacas & Blacks,Blacas,6,1830,1,1
H�ro�ques,H�ro�ques,H�ro�ques,6,1830,1,1
Apolloniiites,Apolloniiites,Apolloniiites,6,1830,1,1
Suisses,Suisses,Suisses,6,1830,1,1
Africans,Africans,Africans,6,1830,1,2
Romans,Romans,Romans,7,1831,1,23
Carlovingians,Carlovingians,Carlovingians,7,1831,1,3
Merovingians,Merovingians,Merovingians,7,1831,1,7
Arabs,"Arabes, Arabians, Arabs",Arabs,7,1831,1,14
Soissons,Soissons,Soissons,7,1831,1,1
Armenians,"Armenians, Armeniennes, Arminians",Armenians & Armeniennes,7,1831,1,1
Crusades,Crusades,Crusades,7,1831,1,1
Germans,Germans,Germans,7,1831,1,34
Eleusinians,Eleusinians,Eleusinians,7,1831,1,1
Delphians,Delphians,Delphians,7,1831,1,1
Thessalians,Thessalians,Thessalians,7,1831,1,1
Arcadians,Arcadians,Arcadians,7,1831,1,1
Athenians,Athenians,Athenians,7,1831,1,2
Boeotians,Boeotians,Boeotians,7,1831,1,1
Pelasgians,Pelasgians,Pelasgians,7,1831,1,1
Trojans,Trojans,Trojans,7,1831,1,1
Parisians,Parisians,Parisians,7,1831,1,1
Turks,"Turcomans, Turk, Turkmans and 2 more",Turks,7,1831,1,19
Italians,Italians,Italians & Italiennes,7,1831,1,4
Christians,Christians,Christians,7,1831,1,5
Pagans,Pagans,Pagans,7,1831,1,1
Venetians,Venetians,Venetians,7,1831,1,2
Phoenicians,"Phcenicians, Phenicians, Phoenicians",Phoenicians,7,1831,1,1
Volscians,Volscians,Volscians,7,1831,1,1
Burgundians,Burgundians,Burgundians,7,1831,1,2
Visigoths,Visigoths,Visigoths,7,1831,1,5
Thuringians,Thuringians,Thuringians,7,1831,1,2
Cheruscans,Cheruscans,Cheruscans,7,1831,1,4
Marcomans,Marcomans,Marcomans,7,1831,1,1
Neustrians,Neustrians,Neustrians,7,1831,1,2
Bavarians,Bavarians,Bavarians,7,1831,1,1
Austrasians,Austrasians,Austrasians,7,1831,1,3
Saracens,Saracens,Saracens,7,1831,1,2
Schlegels,Schlegels,Schlegels,7,1831,1,1
Americans,"Americaines, Americains, Americans",Americans,7,1831,1,27
Americaines,"Americaines, Americains, Americans",Americaines,7,1831,1,1
Tories,Tories,Tories,7,1831,1,1
Whigs,Whigs,Whigs,7,1831,1,1
Russians,Russians,Russians,7,1831,1,4
Yankees,Yankees,Yankees,7,1831,1,1
Jews,Jews,Jews,7,1831,1,5
Sophocles,Sophocles,Sophocles,7,1831,1,1
Gueux,Gueux,Gueux,7,1831,1,1
Flanders,Flanders,Flanders,7,1831,1,4
Jesuits,Jesuits,Jesuits,7,1831,1,1
Politisches,Politisches,Politisches,7,1831,1,1
Polonaises,Polonaises,Polonaises,7,1831,1,2
Nubians,Nubians,Nubians,7,1831,1,1
Albanians,Albanians,Albanians,7,1831,1,1
Tigranes,Tigranes,Tigranes,7,1831,1,1
Europeans,Europeans,Europeans,7,1831,1,2
Mussulmans,"Moslemans, Moslems, Moslims and 3 more",Mussulmans,7,1831,1,1
Poles,Poles,Poles,7,1831,1,25
Biscayans,Biscayans,Biscayans,7,1831,1,4
Norwegians,Norwegians,Norwegians,7,1831,1,1
Danes,Danes,Danes,7,1831,1,1
Frenchmen,"French, Frenchman, Frenchmen",Frenchmen,7,1831,1,1
Bulgarians,Bulgarians,Bulgarians,7,1831,1,1
Moslems,"Moslemans, Moslems, Moslims and 3 more",Moslems,7,1831,1,3
Indians,Indians,Indians,7,1831,1,1
Lithuanians,Lithuanians,Lithuanians,7,1831,1,2
Catholics,Catholics,Catholics,7,1831,1,4
Hungarians,Hungarians,Hungarians,7,1831,1,1
Roman,Roman,Roman,7,1831,1,1
Palatinates,Palatinates & Palatines,Palatinates,7,1831,1,1
Prussians,Prussians,Prussians,7,1831,1,1
Austrians,Austrians & Austriuns,Austrians & Austriuns,7,1831,1,2
Muscovites,Muscovites,Muscovites,7,1831,1,1
Tartars,Tartars,Tartars,7,1831,1,1
Danes,Danes,Danes,8,1831,1,1
Germans,Germans,Germans,8,1831,1,35
Corinthians,Corinthians,Corinthians,8,1831,1,2
Romans,Romans,Romans,8,1831,1,17
Troes,Troes,Troes,8,1831,1,1
Tories,Tories,Tories,8,1831,1,1
Whigs,Whigs,Whigs,8,1831,1,4
Netherlands,Netherlands,Netherlands,8,1831,1,2
Poles,Poles,Poles,8,1831,1,4
Limbaskians,Limbaskians,Limbaskians,8,1831,1,1
Lithuanians,Lithuanians,Lithuanians,8,1831,1,1
Bahliiios,Bahliiios,Bahliiios,8,1831,1,1
Latins,Latins,Latins,8,1831,1,4
Hernicans,Hernicans,Hernicans,8,1831,1,1
Volscians,Volscians,Volscians,8,1831,1,2
Isopolites,Isopolites,Isopolites,8,1831,1,1
Sympolites,Sympolites,Sympolites,8,1831,1,1
Aricinians,Aricinians,Aricinians,8,1831,1,1
Mmrians,Mmrians,Mmrians,8,1831,1,1
Proletarians,Proletarians,Proletarians,8,1831,1,1
Veientians,Veientians,Veientians,8,1831,1,1
Athenians,Athenians,Athenians,8,1831,1,1
Prussians,Prussians,Prussians,8,1831,1,1
Ivans,Ivans,Ivans,8,1831,1,1
Jesuits,Jesuits,Jesuits,8,1831,1,4
Russians,Russians,Russians,8,1831,1,4
Principalis,Principalis,Principalis,8,1831,1,1
Burgundians,Burgundians,Burgundians,8,1831,1,3
Visigoths,Visigoths,Visigoths,8,1831,1,2
Westgoths,West-Goths & Westgoths,Westgoths,8,1831,1,1
Arabs,"Arabes, Arabians, Arabs",Arabs,8,1831,1,1
Jews,Jews,Jews,8,1831,1,3
Vagabonds,Vagabonds,Vagabonds,8,1831,1,1
Saxons,Saxons,Saxons,8,1831,1,1
Britons,Britons,Britons,8,1831,1,1
Frisians,Frisians,Frisians,8,1831,1,2
Austrians,Austrians & Austriuns,Austrians & Austriuns,8,1831,1,2
Hungarians,Hungarians,Hungarians,8,1831,1,1
Bavarians,Bavarians,Bavarians,8,1831,1,1
Schleswigs,Schleswigs,Schleswigs,8,1831,1,1
Negroes,"Negocians, Negritos, Negroes",Negroes,8,1831,1,1
Carthaginians,Carthagenians & Carthaginians,Carthaginians,8,1831,1,1
Phenicians,"Phcenicians, Phenicians, Phoenicians",Phenicians,8,1831,1,1
Europeans,Europeans,Europeans,8,1831,1,4
Europeens,Europeens,Europeens,8,1831,1,1
Guerres,Guerres,Guerres,8,1831,1,1
Recherches,Recherches,Recherches,8,1831,1,1
Barbarians,Barbarians,Barbarians,8,1831,1,2
Protestants,Protestants,Protestants,8,1831,1,2
Americans,"Americaines, Americains, Americans",Americans,8,1831,1,1
Troubadours,Troubadours,Troubadours,8,1831,1,1
Augsburgs,Augsburgs,Augsburgs,8,1831,1,1
Nurnbcrgs,Nurnbcrgs,Nurnbcrgs,8,1831,1,1
Dutch,Dutch,Dutch,8,1831,1,1
Turks,"Turcomans, Turk, Turkmans and 2 more",Turks,8,1831,1,1
Italians,Italians,Italians & Italiennes,8,1831,1,5
Indians,Indians,Indians,8,1831,1,1
Venetians,Venetians,Venetians,8,1831,1,2
Normans,Normans,Normans,8,1831,1,1
Christians,Christians,Christians,8,1831,1,3
Africans,Africans,Africans,8,1831,1,1
Protestants,Protestants,Protestants,9,1832,1,1
Jesuits,Jesuits,Jesuits,9,1832,1,1
Jews,Jews,Jews,9,1832,1,7
Danes,Danes,Danes,9,1832,1,1
Norwegians,Norwegians,Norwegians,9,1832,1,1
Indians,Indians,Indians,9,1832,1,5
Mexicans,Mexicans,Mexicans,9,1832,1,14
Europeans,Europeans,Europeans,9,1832,1,3
Americans,"Americaines, Americains, Americans",Americans,9,1832,1,6
Israelites,Israelites,Israelites,9,1832,1,2
Peruvians,Peruvians,Peruvians,9,1832,1,2
Persians,Persians,Persians,9,1832,1,1
Asiatics,Asiatic & Asiatics,Asiatic & Asiatics,9,1832,1,1
Egyptians,Egyptians,Egyptians,9,1832,1,2
Germans,Germans,Germans,9,1832,1,24
Romans,Romans,Romans,9,1832,1,9
Scythians,Scythians,Scythians,9,1832,1,1
Teutones,Teutones,Teutones,9,1832,1,1
Carlovingians,Carlovingians,Carlovingians,9,1832,1,1
Scandinavians,Scandinavians,Scandinavians,9,1832,1,2
Arabs,"Arabes, Arabians, Arabs",Arabs,9,1832,1,2
Turks,"Turcomans, Turk, Turkmans and 2 more",Turks,9,1832,1,4
Austrians,Austrians & Austriuns,Austrians & Austriuns,9,1832,1,6
Russians,Russians,Russians,9,1832,1,6
Italians,Italians,Italians & Italiennes,9,1832,1,9
Catholics,Catholics,Catholics,9,1832,1,3
Himmels,Himmels,Himmels,9,1832,1,1
Ethiopians,Ethiopians,Ethiopians,9,1832,1,1
Nubians,Nubians,Nubians,9,1832,1,1
Venetians,Venetians,Venetians,9,1832,1,1
Croats,Croats,Croats,9,1832,1,1
Dans,Dans,Dans,9,1832,1,1
Simonians,Simonians,Simonians,9,1832,1,1
Swedes,Swedes,Swedes,9,1832,1,1
Phoenicians,"Phcenicians, Phenicians, Phoenicians",Phoenicians,9,1832,1,2
Carthaginians,Carthagenians & Carthaginians,Carthaginians,9,1832,1,1
Chinese,Chinese,Chinese,9,1832,1,1
Prussians,Prussians,Prussians,9,1832,1,3
Brazilians,Brazilians,Brazilians,9,1832,1,1
Cubans,Cubans,Cubans,9,1832,1,1
Bavarians,Bavarians,Bavarians,9,1832,1,2
Synods,Synods,Synods,9,1832,1,1
Visigoths,Visigoths,Visigoths,9,1832,1,1
Persians,Persians,Persians,10,1832,1,4
Utilitarians,Utilitarians,Utilitarians,10,1832,1,1
Europeans,Europeans,Europeans,10,1832,1,3
Russians,Russians,Russians,10,1832,1,7
Chinese,Chinese,Chinese,10,1832,1,2
Italians,Italians,Italians & Italiennes,10,1832,1,12
Britons,Britons,Britons,10,1832,1,1
Turks,"Turcomans, Turk, Turkmans and 2 more",Turks,10,1832,1,4
Israelites,Israelites,Israelites,10,1832,1,1
Jews,Jews,Jews,10,1832,1,4
Romans,Romans,Romans,10,1832,1,12
Christians,Christians,Christians,10,1832,1,2
Hutchinsonians,Hutchinsonians,Hutchinsonians,10,1832,1,1
Asiatics,Asiatic & Asiatics,Asiatic & Asiatics,10,1832,1,1
Scythians,Scythians,Scythians,10,1832,1,2
Indians,Indians,Indians,10,1832,1,6
Helvetians,Helvetians,Helvetians,10,1832,1,1
Umbrians,Umbrians,Umbrians,10,1832,1,1
Venetians,Venetians,Venetians,10,1832,1,2
Carthaginians,Carthagenians & Carthaginians,Carthaginians,10,1832,1,1
Phrygians,Phrygians,Phrygians,10,1832,1,2
Germans,Germans,Germans,10,1832,1,11
Negroes,"Negocians, Negritos, Negroes",Negroes,10,1832,1,1
Belgians,Belgians,Belgians,10,1832,1,1
Abyssinians,Abyssinians,Abyssinians,10,1832,1,1
French,"French, Frenchman, Frenchmen",French,10,1832,1,2
Poles,Poles,Poles,10,1832,1,3
Simonians,Simonians,Simonians,10,1832,1,1
Armenians,"Armenians, Armeniennes, Arminians",Armenians & Armeniennes,10,1832,1,1
Catholics,Catholics,Catholics,10,1832,1,2
Gauls,Gaules & Gauls,Gauls,10,1832,1,1
Markomanns,Markomanns,Markomanns,10,1832,1,1
Danes,Danes,Danes,10,1832,1,1
Dutch,Dutch,Dutch,10,1832,1,2
AngloSaxons,AngloSaxons,AngloSaxons,10,1832,1,1
Goths,Goths,Goths,10,1832,1,2
Scandinavians,Scandinavians,Scandinavians,10,1832,1,1
Latins,Latins,Latins,10,1832,1,1
Tuscans,Tuscans,Tuscans,10,1832,1,1
Lusians,Lusians,Lusians,10,1832,1,1
Parisians,Parisians,Parisians,10,1832,1,1
Americans,"Americaines, Americains, Americans",Americans,10,1832,1,1
Africans,Africans,Africans,10,1832,1,2
Yankees,Yankees,Yankees,11,1833,1,2
Southerners,Southerners,Southerners,11,1833,1,1
Europeans,Europeans,Europeans,11,1833,1,2
Americans,"Americaines, Americains, Americans",Americans,11,1833,1,6
Cherokees,Cherokees,Cherokees,11,1833,1,2
Mexicans,Mexicans,Mexicans,11,1833,1,2
Carthaginians,Carthagenians & Carthaginians,Carthaginians,11,1833,1,1
Romans,Romans,Romans,11,1833,1,5
Italians,Italians,Italians & Italiennes,11,1833,1,12
Volscians,Volscians,Volscians,11,1833,1,2
Frenchmen,"French, Frenchman, Frenchmen",Frenchmen,11,1833,1,2
Christians,Christians,Christians,11,1833,1,2
Moscovites,Moscovites,Moscovites,11,1833,1,1
Russians,Russians,Russians,11,1833,1,8
Republicans,Republicans,Republicans,11,1833,1,1
Royalists,Royalists,Royalists,11,1833,1,1
Jesuits,Jesuits,Jesuits,11,1833,1,6
Danes,Danes,Danes,11,1833,1,2
Pagans,Pagans,Pagans,11,1833,1,1
Whigs,Whigs,Whigs,11,1833,1,1
Siraonians,Siraonians,Siraonians,11,1833,1,1
Germans,Germans,Germans,11,1833,1,3
Carlists,Carlists,Carlists,11,1833,1,1
Simonians,Simonians,Simonians,11,1833,1,2
Carolinians,Carolinians,Carolinians,11,1833,1,2
Jews,Jews,Jews,11,1833,1,14
Arabians,"Arabes, Arabians, Arabs",Arabians,11,1833,1,2
Parisians,Parisians,Parisians,11,1833,1,2
Cerfs,Cerfs,Cerfs,11,1833,1,1
Arabs,"Arabes, Arabians, Arabs",Arabs,11,1833,1,2
Persians,Persians,Persians,11,1833,1,2
Afghans,"Affgauns, Affghans, Afghans",Afghans,11,1833,1,1
Asiatics,Asiatic & Asiatics,Asiatic & Asiatics,11,1833,1,1
Moslems,"Moslemans, Moslems, Moslims and 3 more",Moslems,11,1833,1,1
Belgians,Belgians,Belgians,11,1833,1,1
Poles,Poles,Poles,11,1833,1,9
Tatars,Tatars,Tatars,11,1833,1,1
Patricians,Patricians,Patricians,11,1833,1,15
Catholics,Catholics,Catholics,11,1833,1,3
Cimbrians,Cimbrians,Cimbrians,11,1833,1,1
Protestants,Protestants,Protestants,11,1833,1,2
Israelites,Israelites,Israelites,11,1833,1,2
Jacobites,Jacobites,Jacobites,11,1833,1,1
Armenians,"Armenians, Armeniennes, Arminians",Armenians & Armeniennes,11,1833,1,2
Turks,"Turcomans, Turk, Turkmans and 2 more",Turks,11,1833,1,1
Cartesians,Cartesians,Cartesians,12,1833,1,1
Jesuites,Jesuites,Jesuites,12,1833,1,1
Jesuits,Jesuits,Jesuits,12,1833,1,3
Huns,Huns,Huns,12,1833,1,1
Americans,"Americaines, Americains, Americans",Americans,12,1833,1,4
Pensylvanians,Pensylvanians,Pensylvanians,12,1833,1,2
Germans,Germans,Germans,12,1833,1,10
Brescians,Brescians,Brescians,12,1833,1,1
Romans,Romans,Romans,12,1833,1,3
Jews,Jews,Jews,12,1833,1,9
Israelites,Israelites,Israelites,12,1833,1,2
Christians,Christians,Christians,12,1833,1,1
Magians,Magians,Magians,12,1833,1,1
Persians,Persians,Persians,12,1833,1,4
Arabs,"Arabes, Arabians, Arabs",Arabs,12,1833,1,3
Ethiopians,Ethiopians,Ethiopians,12,1833,1,6
Turks,"Turcomans, Turk, Turkmans and 2 more",Turks,12,1833,1,7
Tartars,Tartars,Tartars,12,1833,1,1
Indians,Indians,Indians,12,1833,1,12
Phoenicians,"Phcenicians, Phenicians, Phoenicians",Phoenicians,12,1833,1,1
Arians,Arians,Arians,12,1833,1,1
Carthaginians,Carthagenians & Carthaginians,Carthaginians,12,1833,1,1
Saracens,Saracens,Saracens,12,1833,1,1
Danes,Danes,Danes,12,1833,1,1
Catholics,Catholics,Catholics,12,1833,1,3
Italians,Italians,Italians & Italiennes,12,1833,1,6
Burgundians,Burgundians,Burgundians,12,1833,1,2
Italiennes,Italiennes,Italians & Italiennes,12,1833,1,1
Venetians,Venetians,Venetians,12,1833,1,1
Florentines,Florentines,Florentines,12,1833,1,2
Anglais,Anglais,Anglais,12,1833,1,1
Macedonians,Macedonians,Macedonians,12,1833,1,1
Egyptians,Egyptians,Egyptians,12,1833,1,2
Chinese,Chinese,Chinese,12,1833,1,1
Europeans,Europeans,Europeans,12,1833,1,1
Alsatians,Alsacians & Alsatians,Alsatians,12,1833,1,1
Whigs,Whigs,Whigs,12,1833,1,1
Austrians,Austrians & Austriuns,Austrians & Austriuns,12,1833,1,1
Siks,"Sieks, Sieyes, Sikhs and 1 more",Siks,12,1833,1,2
Africans,Africans,Africans,11,1833,1,1
Americans,"Americaines, Americains, Americans",Americans,13,1834,1,3
Turks,"Turcomans, Turk, Turkmans and 2 more",Turks,13,1834,1,58
Girondists,Girondists,Girondists,13,1834,1,3
Romans,Romans,Romans,13,1834,1,5
Arabs,"Arabes, Arabians, Arabs",Arabs,13,1834,1,26
Numidians,Numidians,Numidians,13,1834,1,1
Indians,Indians,Indians,13,1834,1,8
Tunisians,Tunisians,Tunisians,13,1834,1,1
Christians,Christians,Christians,13,1834,1,3
Europeans,Europeans,Europeans,13,1834,1,10
Mussulmans,"Moslemans, Moslems, Moslims and 3 more",Mussulmans,13,1834,1,5
Italians,Italians,Italians & Italiennes,13,1834,1,13
Jews,Jews,Jews,13,1834,1,7
Afghans,"Affgauns, Affghans, Afghans",Afghans,13,1834,1,2
Sikhs,"Sieks, Sieyes, Sikhs and 1 more",Sikhs,13,1834,1,1
Frenchmen,"French, Frenchman, Frenchmen",Frenchmen,13,1834,1,2
Germans,Germans,Germans,13,1834,1,8
Servians,Servians,Servians,13,1834,1,3
Armenians,"Armenians, Armeniennes, Arminians",Armenians & Armeniennes,13,1834,1,4
Galatians,Galatians,Galatians,13,1834,1,1
Russians,Russians,Russians,13,1834,1,13
Musulmans,"Moslemans, Moslems, Moslims and 3 more",Musulmans,13,1834,1,2
Egyptians,Egyptians,Egyptians,13,1834,1,4
Turk,"Turcomans, Turk, Turkmans and 2 more",Turk,13,1834,1,1
Syrians,Syrians,Syrians,13,1834,1,1
Carthusians,Carthusians,Carthusians,13,1834,1,2
Catholics,Catholics,Catholics,13,1834,1,5
Poles,Poles,Poles,13,1834,1,3
Scandinavians,Scandinavians,Scandinavians,13,1834,1,1
Norwegians,Norwegians,Norwegians,13,1834,1,3
Swedes,Swedes,Swedes,13,1834,1,2
Finns,Finns,Finns,13,1834,1,1
Austrians,Austrians & Austriuns,Austrians & Austriuns,13,1834,1,5
Hungarians,Hungarians,Hungarians,13,1834,1,1
Belgians,Belgians,Belgians,13,1834,1,1
Prussians,Prussians,Prussians,13,1834,1,1
Moonsiffs,Moonsiffs,Moonsiffs,13,1834,1,1
Bulgarians,Bulgarians,Bulgarians,13,1834,1,5
Crusaders,Crusaders,Crusaders,13,1834,1,1
Valachians,Valachians,Valachians,13,1834,1,1
Albanians,Albanians,Albanians,13,1834,1,1
Flanders,Flanders,Flanders,14,1834,1,3
Germans,Germans,Germans,14,1834,1,17
Turks,"Turcomans, Turk, Turkmans and 2 more",Turks,14,1834,1,13
Italians,Italians,Italians & Italiennes,14,1834,1,9
Catholics,Catholics,Catholics,14,1834,1,2
Venetians,Venetians,Venetians,14,1834,1,1
French,"French, Frenchman, Frenchmen",French,14,1834,1,1
Protestants,Protestants,Protestants,14,1834,1,1
Russians,Russians,Russians,14,1834,1,15
Caucasians,Caucasians,Caucasians,14,1834,1,1
Tartars,Tartars,Tartars,14,1834,1,1
Turcomans,"Turcomans, Turk, Turkmans and 2 more",Turcomans,14,1834,1,3
Turkmans,"Turcomans, Turk, Turkmans and 2 more",Turkmans,14,1834,1,4
Indians,Indians,Indians,14,1834,1,3
Japanese,Japanese,Japanese,14,1834,1,1
Mussulmans,"Moslemans, Moslems, Moslims and 3 more",Mussulmans,14,1834,1,2
Moslems,"Moslemans, Moslems, Moslims and 3 more",Moslems,14,1834,1,1
Persians,Persians,Persians,14,1834,1,15
Allamans,Allamans,Allamans,14,1834,1,1
Afghans,"Affgauns, Affghans, Afghans",Afghans,14,1834,1,7
Jews,Jews,Jews,14,1834,1,8
Christians,Christians,Christians,14,1834,1,2
Sikhs,"Sieks, Sieyes, Sikhs and 1 more",Sikhs,14,1834,1,1
Sedunians,Sedunians,Sedunians,14,1834,1,1
Veragrians,Veragrians,Veragrians,14,1834,1,1
Negocians,"Negocians, Negritos, Negroes",Negocians,14,1834,1,1
English,"English, Englishman', Englishmen",English,14,1834,1,1
Frenchmen,"French, Frenchman, Frenchmen",Frenchmen,14,1834,1,1
Belgians,Belgians,Belgians,14,1834,1,1
Carthaginians,Carthagenians & Carthaginians,Carthaginians,14,1834,1,19
Assyrians,Assyrians,Assyrians,14,1834,1,2
Phrenicians,Phrenicians,Phrenicians,14,1834,1,1
Phoenicians,"Phcenicians, Phenicians, Phoenicians",Phoenicians,14,1834,1,19
Chinese,Chinese,Chinese,14,1834,1,5
Phoanicians,Phoanicians,Phoanicians,14,1834,1,1
Romans,Romans,Romans,14,1834,1,3
Hispalis,Hispalis,Hispalis,14,1834,1,1
Corians,Corians,Corians,14,1834,1,1
Iberians,Iberians,Iberians,14,1834,1,1
Mexicans,Mexicans,Mexicans,14,1834,1,1
Peruvians,Peruvians,Peruvians,14,1834,1,1
Turditanians,Turditanians,Turditanians,14,1834,1,1
Israelites,Israelites,Israelites,14,1834,1,3
Tyrians,Tyrians,Tyrians,14,1834,1,1
Arabs,"Arabes, Arabians, Arabs",Arabs,14,1834,1,8
Philistines,Philistines,Philistines,14,1834,1,1
Babylonians,Babylonians,Babylonians,14,1834,1,1
Scythians,Scythians,Scythians,14,1834,1,1
Lybians,Lybians,Lybians,14,1834,1,1
Syrians,Syrians,Syrians,14,1834,1,3
Hibernians,Hibernians,Hibernians,14,1834,1,1
Chansons,Chansons,Chansons,14,1834,1,1
Chelonians,Chelonians,Chelonians,14,1834,1,1
Austrians,Austrians & Austriuns,Austrians & Austriuns,14,1834,1,3
Phenicians,"Phcenicians, Phenicians, Phoenicians",Phenicians,14,1834,1,1
Coxites,Coxites,Coxites,14,1834,1,1
Europeans,Europeans,Europeans,14,1834,1,6
Arabians,"Arabes, Arabians, Arabs",Arabians,14,1834,1,2
Dutch,Dutch,Dutch,14,1834,1,1
Negroes,"Negocians, Negritos, Negroes",Negroes,14,1834,1,2
Anglo-Americans,Anglo-Americans,Anglo-Americans,14,1834,1,1
Americans,"Americaines, Americains, Americans",Americans,14,1834,1,2
Armenians,"Armenians, Armeniennes, Arminians",Armenians & Armeniennes,14,1834,1,1
Negritos,"Negocians, Negritos, Negroes",Negritos,14,1834,1,1
Latin,Latin,Latin,14,1834,1,1
Asiatics,Asiatic & Asiatics,Asiatic & Asiatics,14,1834,1,1
Poles,Poles,Poles,14,1834,1,2
Hungarians,Hungarians,Hungarians,14,1834,1,3
Austriuns,Austrians & Austriuns,Austrians & Austriuns,14,1834,1,1
Visigoths,Visigoths,Visigoths,14,1834,1,2
Bavarians,Bavarians,Bavarians,14,1834,1,1
Africans,Africans,Africans,14,1834,1,1
Italians,Italians,Italians & Italiennes,15,1835,1,7
Mendians,Mendians,Mendians,15,1835,1,2
Indians,Indians,Indians,15,1835,1,19
Chilians,Chilians,Chilians,15,1835,1,1
Europeans,Europeans,Europeans,15,1835,1,4
Carlovingians,Carlovingians,Carlovingians,15,1835,1,5
Britons,Britons,Britons,15,1835,1,2
Arabs,"Arabes, Arabians, Arabs",Arabs,15,1835,1,3
Christians,Christians,Christians,15,1835,1,2
Persians,Persians,Persians,15,1835,1,3
Saracens,Saracens,Saracens,15,1835,1,3
Turks,"Turcomans, Turk, Turkmans and 2 more",Turks,15,1835,1,21
Germans,Germans,Germans,15,1835,1,22
Austrians,Austrians & Austriuns,Austrians & Austriuns,15,1835,1,12
Neapolitans,Neapolitans,Neapolitans,15,1835,1,1
Jesuits,Jesuits,Jesuits,15,1835,1,5
Normans,Normans,Normans,15,1835,1,1
Romans,Romans,Romans,15,1835,1,4
Poles,Poles,Poles,15,1835,1,19
Russians,Russians,Russians,15,1835,1,21
Cossacks,Cossacks,Cossacks,15,1835,1,1
Cracovians,Cracovians,Cracovians,15,1835,1,1
Guelphs,Guelfs & Guelphs,Guelphs,15,1835,1,1
Chinese,Chinese,Chinese,15,1835,1,1
Egyptians,Egyptians,Egyptians,15,1835,1,1
Colonies,Colonies,Colonies,15,1835,1,1
Catholics,Catholics,Catholics,15,1835,1,6
Armenians,"Armenians, Armeniennes, Arminians",Armenians & Armeniennes,15,1835,1,9
Bulgarians,Bulgarians,Bulgarians,15,1835,1,5
Georgians,Georgians,Georgians,15,1835,1,2
Whites,Whites,Whites,15,1835,1,1
Dutch,Dutch,Dutch,15,1835,1,1
French,"French, Frenchman, Frenchmen",French,15,1835,1,3
Parisians,Parisians,Parisians,15,1835,1,1
Kabardinians,Kabardinians,Kabardinians,15,1835,1,1
Tscherkessians,Tscherkessians,Tscherkessians,15,1835,1,1
Calvinists,Calvinists,Calvinists,15,1835,1,1
Troughtons,Troughtons,Troughtons,15,1835,1,1
Protestants,Protestants,Protestants,15,1835,1,2
Americans,"Americaines, Americains, Americans",Americans,15,1835,1,5
Sioux,Sioux,Sioux,15,1835,1,1
Mountains,Mountains,Mountains,15,1835,1,2
Frenchmen,"French, Frenchman, Frenchmen",Frenchmen,15,1835,1,1
Venetians,Venetians,Venetians,15,1835,1,2
Hungarians,Hungarians,Hungarians,15,1835,1,14
Danes,Danes,Danes,15,1835,1,4
Sclavonians,Sclavonians,Sclavonians,15,1835,1,7
Swabians,Swabians,Swabians,15,1835,1,1
Bavarians,Bavarians,Bavarians,15,1835,1,1
Thuringians,Thuringians,Thuringians,15,1835,1,2
Daleminzians,Daleminzians,Daleminzians,15,1835,1,3
Bohemians,Bohemians,Bohemians,15,1835,1,1
Redarians,Redarians,Redarians,15,1835,1,1
Jews,Jews,Jews,15,1835,1,2
Maronites,Maronites,Maronites,15,1835,1,3
Asiatics,Asiatic & Asiatics,Asiatic & Asiatics,15,1835,1,1
Mussulmans,"Moslemans, Moslems, Moslims and 3 more",Mussulmans,15,1835,1,2
Savoisians,Savoisians,Savoisians,15,1835,1,1
Kurwans,Kurwans,Kurwans,15,1835,1,1
Israelites,Israelites,Israelites,15,1835,1,1
Germans,Germans,Germans,16,1835,1,17
Italians,Italians,Italians & Italiennes,16,1835,1,9
Danes,Danes,Danes,16,1835,1,3
Poles,Poles,Poles,16,1835,1,1
Russians,Russians,Russians,16,1835,1,7
Jews,Jews,Jews,16,1835,1,8
Catholics,Catholics,Catholics,16,1835,1,4
Arabs,"Arabes, Arabians, Arabs",Arabs,16,1835,1,2
Europeans,Europeans,Europeans,16,1835,1,6
Austrians,Austrians & Austriuns,Austrians & Austriuns,16,1835,1,8
Neapolitans,Neapolitans,Neapolitans,16,1835,1,5
Appennines,Appennines,Appennines,16,1835,1,1
Romans,Romans,Romans,16,1835,1,7
Hungarians,Hungarians,Hungarians,16,1835,1,1
Saracens,Saracens,Saracens,16,1835,1,3
Frenchmen,"French, Frenchman, Frenchmen",Frenchmen,16,1835,1,1
Christians,Christians,Christians,16,1835,1,1
Belgians,Belgians,Belgians,16,1835,1,1
Jesuits,Jesuits,Jesuits,16,1835,1,2
Flanders,Flanders,Flanders,16,1835,1,2
Armenians,"Armenians, Armeniennes, Arminians",Armenians & Armeniennes,16,1835,1,1
Turks,"Turcomans, Turk, Turkmans and 2 more",Turks,16,1835,1,5
Carians,Carians,Carians,16,1835,1,1
Apachis,Apachis,Apachis,16,1835,1,1
Indians,Indians,Indians,16,1835,1,2
Tultecans,Tultecans,Tultecans,16,1835,1,1
Israelites,Israelites,Israelites,16,1835,1,3
Ethiopians,Ethiopians,Ethiopians,16,1835,1,1
Mexicans,Mexicans,Mexicans,16,1835,1,1
Chinese,Chinese,Chinese,16,1835,1,1
Bavarians,Bavarians,Bavarians,16,1835,1,1
Carthusians,Carthusians,Carthusians,16,1835,1,1
Monstratensians,Monstratensians,Monstratensians,16,1835,1,1
Persians,Persians,Persians,16,1835,1,1
Anglos,Anglos,Anglos,16,1835,1,1
Patricians,Patricians,Patricians,16,1835,1,1
Mussulmans,"Moslemans, Moslems, Moslims and 3 more",Mussulmans,16,1835,1,1
Asiatics,Asiatic & Asiatics,Asiatic & Asiatics,16,1835,1,1
Puritans,Puritans,Puritans,16,1835,1,2
Scandinavians,Scandinavians,Scandinavians,16,1835,1,1
Waragians,Waragians,Waragians,16,1835,1,1
Africans,Africans,Africans,15,1835,1,1
Africans,Africans,Africans,16,1835,1,3
Europeans,Europeans,Europeans,17,1836,1,10
Indians,Indians,Indians,17,1836,1,25
Americans,"Americaines, Americains, Americans",Americans,17,1836,1,3
Chilians,Chilians,Chilians,17,1836,1,4
Negroes,"Negocians, Negritos, Negroes",Negroes,17,1836,1,5
Araucanians,Araucanians,Araucanians,17,1836,1,1
Peruvians,Peruvians,Peruvians,17,1836,1,6
Whites,Whites,Whites,17,1836,1,6
Brazilians,Brazilians,Brazilians,17,1836,1,1
Burgundians,Burgundians,Burgundians,17,1836,1,1
Italians,Italians,Italians & Italiennes,17,1836,1,16
Germans,Germans,Germans,17,1836,1,13
Venetians,Venetians,Venetians,17,1836,1,6
Turks,"Turcomans, Turk, Turkmans and 2 more",Turks,17,1836,1,31
Christians,Christians,Christians,17,1836,1,8
Russians,Russians,Russians,17,1836,1,10
Austrians,Austrians & Austriuns,Austrians & Austriuns,17,1836,1,12
Jesuits,Jesuits,Jesuits,17,1836,1,2
Israelites,Israelites,Israelites,17,1836,1,1
Muscovites,Muscovites,Muscovites,17,1836,1,1
Persians,Persians,Persians,17,1836,1,3
Egyptians,Egyptians,Egyptians,17,1836,1,2
Scythians,Scythians,Scythians,17,1836,1,1
Romans,Romans,Romans,17,1836,1,4
Austrasians,Austrasians,Austrasians,17,1836,1,1
Hungarians,Hungarians,Hungarians,17,1836,1,2
Bulgarians,Bulgarians,Bulgarians,17,1836,1,3
Arabs,"Arabes, Arabians, Arabs",Arabs,17,1836,1,6
Karasmians,Karasmians,Karasmians,17,1836,1,1
Seljoukians,Seljoukians,Seljoukians,17,1836,1,1
Franks,Franks,Franks,17,1836,1,1
Mussulmans,"Moslemans, Moslems, Moslims and 3 more",Mussulmans,17,1836,1,4
Jews,Jews,Jews,17,1836,1,5
Moslems,"Moslemans, Moslems, Moslims and 3 more",Moslems,17,1836,1,1
Kurds,Kurds,Kurds,17,1836,1,1
Armenians,"Armenians, Armeniennes, Arminians",Armenians & Armeniennes,17,1836,1,1
Catholics,Catholics,Catholics,17,1836,1,4
Slavonians,Slavonians,Slavonians,17,1836,1,1
Phoenicians,"Phcenicians, Phenicians, Phoenicians",Phoenicians,17,1836,1,1
Poles,Poles,Poles,17,1836,1,1
Protestants,Protestants,Protestants,17,1836,1,1
Blacks,Blacas & Blacks,Blacks,17,1836,1,1
Burgnndians,Burgnndians,Burgnndians,17,1836,1,1
Normans,Normans,Normans,17,1836,1,1
Cheruscans,Cheruscans,Cheruscans,17,1836,1,1
Marcomans,Marcomans,Marcomans,17,1836,1,1
Saracens,Saracens,Saracens,17,1836,1,1
Sclavonians,Sclavonians,Sclavonians,17,1836,1,1
Scandinavians,Scandinavians,Scandinavians,17,1836,1,1
Bohemians,Bohemians,Bohemians,17,1836,1,1
Germans,Germans,Germans,18,1836,1,20
Romans,Romans,Romans,18,1836,1,3
Indians,Indians,Indians,18,1836,1,12
Mexicans,Mexicans,Mexicans,18,1836,1,14
Jews,Jews,Jews,18,1836,1,19
Tultecans,Tultecans,Tultecans,18,1836,1,6
Etrurians,Etrurians,Etrurians,18,1836,1,2
Chinese,Chinese,Chinese,18,1836,1,2
Goths,Goths,Goths,18,1836,1,2
Abyssinians,Abyssinians,Abyssinians,18,1836,1,1
Asiatics,Asiatic & Asiatics,Asiatic & Asiatics,18,1836,1,1
Bactrians,Bactrians,Bactrians,18,1836,1,1
Belgians,Belgians,Belgians,18,1836,1,1
Canaanites,Canaanites,Canaanites,18,1836,1,1
Carinthians,Carinthians,Carinthians,18,1836,1,1
Carpathians,Carpathians,Carpathians,18,1836,1,1
Cimmerians,Cimmerians,Cimmerians,18,1836,1,1
Easterns,Easterns,Easterns,18,1836,1,1
Englishmen,"English, Englishman', Englishmen",Englishmen,18,1836,1,1
Ethiopians,Ethiopians,Ethiopians,18,1836,1,1
Gallicians,Galicians & Gallicians,Gallicians,18,1836,1,1
Hivites,Hivites,Hivites,18,1836,1,1
Illyrians,Illyrians,Illyrians,18,1836,1,1
Israelites,Israelites,Israelites,18,1836,1,1
Latins,Latins,Latins,18,1836,1,1
Moravians,Moravians,Moravians,18,1836,1,1
Neapolitans,Neapolitans,Neapolitans,18,1836,1,1
Neslorians,Neslorians,Neslorians,18,1836,1,1
Pagans,Pagans,Pagans,18,1836,1,1
Patagonians,Patagonians,Patagonians,18,1836,1,1
Pishdadians,Pishdadians,Pishdadians,18,1836,1,1
Portuguese,Portuguese,Portuguese,18,1836,1,1
Prussians,Prussians,Prussians,18,1836,1,1
Silesians,Silesians,Silesians,18,1836,1,1
Sogdinians,Sogdinians,Sogdinians,18,1836,1,1
Turks,"Turcomans, Turk, Turkmans and 2 more",Turks,18,1836,1,1
Venetians,Venetians,Venetians,18,1836,1,1
Wallachians,Walachians & Wallachians,Wallachians,18,1836,1,1
Americans,"Americaines, Americains, Americans",Americans,18,1836,1,2
Assyrians,Assyrians,Assyrians,18,1836,1,2
Athenians,Athenians,Athenians,18,1836,1,2
Bohemians,Bohemians,Bohemians,18,1836,1,2
Catholics,Catholics,Catholics,18,1836,1,2
Magians,Magians,Magians,18,1836,1,2
Mussulmans,"Moslemans, Moslems, Moslims and 3 more",Mussulmans,18,1836,1,2
Saracens,Saracens,Saracens,18,1836,1,2
Sclavonians,Sclavonians,Sclavonians,18,1836,1,2
Arabians,"Arabes, Arabians, Arabs",Arabians,18,1836,1,3
Carthaginians,Carthagenians & Carthaginians,Carthaginians,18,1836,1,3
Egyptians,Egyptians,Egyptians,18,1836,1,3
Europeans,Europeans,Europeans,18,1836,1,3
Jesuits,Jesuits,Jesuits,18,1836,1,3
Peruvians,Peruvians,Peruvians,18,1836,1,3
Danes,Danes,Danes,18,1836,1,4
Italians,Italians,Italians & Italiennes,18,1836,1,4
Christians,Christians,Christians,18,1836,1,6
Phoenicians,"Phcenicians, Phenicians, Phoenicians",Phoenicians,18,1836,1,6
Persians,Persians,Persians,18,1836,1,8
Russians,Russians,Russians,18,1836,1,8
Poles,Poles,Poles,18,1836,1,10
Austrians,Austrians & Austriuns,Austrians & Austriuns,18,1836,1,11
Hungarians,Hungarians,Hungarians,18,1836,1,12
Arabs,"Arabes, Arabians, Arabs",Arabs,18,1836,1,14
Afghans,"Affgauns, Affghans, Afghans",Afghans,19,1837,1,1
Athenians,Athenians,Athenians,19,1837,1,1
Belgians,Belgians,Belgians,19,1837,1,1
Brahmins,Brahmins,Brahmins,19,1837,1,1
Britons,Britons,Britons,19,1837,1,1
Cappadocians,Cappadocians,Cappadocians,19,1837,1,1
Circassians,Circassians,Circassians,19,1837,1,1
Creoles,Creoles,Creoles,19,1837,1,1
Danes,Danes,Danes,19,1837,1,1
Israelites,Israelites,Israelites,19,1837,1,1
Jesuits,Jesuits,Jesuits,19,1837,1,1
Marcellinus,Marcellinus,Marcellinus,19,1837,1,1
Moslemans,"Moslemans, Moslems, Moslims and 3 more",Moslemans,19,1837,1,1
Pandians,Pandians,Pandians,19,1837,1,1
Parisians,Parisians,Parisians,19,1837,1,1
Protestants,Protestants,Protestants,19,1837,1,1
Scandinavians,Scandinavians,Scandinavians,19,1837,1,1
Swedes,Swedes,Swedes,19,1837,1,1
Syrians,Syrians,Syrians,19,1837,1,1
Tyrians,Tyrians,Tyrians,19,1837,1,1
Arabians,"Arabes, Arabians, Arabs",Arabians,19,1837,1,2
Catholics,Catholics,Catholics,19,1837,1,2
Christians,Christians,Christians,19,1837,1,2
Jacobites,Jacobites,Jacobites,19,1837,1,2
Romans,Romans,Romans,19,1837,1,2
Scythians,Scythians,Scythians,19,1837,1,2
Sidonians,Sidonians,Sidonians,19,1837,1,2
Europeans,Europeans,Europeans,19,1837,1,3
Italians,Italians,Italians & Italiennes,19,1837,1,3
Persians,Persians,Persians,19,1837,1,3
Russians,Russians,Russians,19,1837,1,3
Mexicans,Mexicans,Mexicans,19,1837,1,4
Mussulmans,"Moslemans, Moslems, Moslims and 3 more",Mussulmans,19,1837,1,4
Tatars,Tatars,Tatars,19,1837,1,4
Phoenicians,"Phcenicians, Phenicians, Phoenicians",Phoenicians,19,1837,1,5
Jews,Jews,Jews,19,1837,1,10
Indians,Indians,Indians,19,1837,1,12
Germans,Germans,Germans,19,1837,1,13
Turks,"Turcomans, Turk, Turkmans and 2 more",Turks,19,1837,1,13
Arabs,"Arabes, Arabians, Arabs",Arabs,19,1837,1,17
Abyssinians,Abyssinians,Abyssinians,20,1838,1,1
Assyrians,Assyrians,Assyrians,20,1838,1,1
Austrians,Austrians & Austriuns,Austrians & Austriuns,20,1838,1,1
Bulgarians,Bulgarians,Bulgarians,20,1838,1,1
Carolingians,Carolingians,Carolingians,20,1838,1,1
Chinese,Chinese,Chinese,20,1838,1,1
Christians,Christians,Christians,20,1838,1,1
Egyptians,Egyptians,Egyptians,20,1838,1,1
Hamyarites,Hamyarites,Hamyarites,20,1838,1,1
Indians,Indians,Indians,20,1838,1,1
Jews,Jews,Jews,20,1838,1,1
Koreishites,Koreishites,Koreishites,20,1838,1,1
Latin,Latin,Latin,20,1838,1,1
Moravians,Moravians,Moravians,20,1838,1,1
Normans,Normans,Normans,20,1838,1,1
Parthians,Parthians,Parthians,20,1838,1,1
Persians,Persians,Persians,20,1838,1,1
Roman,Roman,Roman,20,1838,1,1
Sarmatians,Sarmatians,Sarmatians,20,1838,1,1
Tuscans,Tuscans,Tuscans,20,1838,1,1
Venetians,Venetians,Venetians,20,1838,1,1
Whites,Whites,Whites,20,1838,1,1
Americans,"Americaines, Americains, Americans",Americans,20,1838,1,2
Burgundians,Burgundians,Burgundians,20,1838,1,2
Hanoverians,Hanoverians,Hanoverians,20,1838,1,2
Jesuits,Jesuits,Jesuits,20,1838,1,2
Peruvians,Peruvians,Peruvians,20,1838,1,2
Poles,Poles,Poles,20,1838,1,2
Tatars,Tatars,Tatars,20,1838,1,2
Bohemians,Bohemians,Bohemians,20,1838,1,3
Catholics,Catholics,Catholics,20,1838,1,3
Hungarians,Hungarians,Hungarians,20,1838,1,3
Israelites,Israelites,Israelites,20,1838,1,3
Slavonians,Slavonians,Slavonians,20,1838,1,3
Arabians,"Arabes, Arabians, Arabs",Arabians,20,1838,1,4
Europeans,Europeans,Europeans,20,1838,1,4
Italians,Italians,Italians & Italiennes,20,1838,1,4
Chilians,Chilians,Chilians,20,1838,1,5
Romans,Romans,Romans,20,1838,1,5
Turks,"Turcomans, Turk, Turkmans and 2 more",Turks,20,1838,1,5
Belgians,Belgians,Belgians,20,1838,1,7
Haytians,Haytians,Haytians,20,1838,1,8
Russians,Russians,Russians,20,1838,1,9
Arabs,"Arabes, Arabians, Arabs",Arabs,20,1838,1,21
Germans,Germans,Germans,20,1838,1,28
Arequipanians,Arequipanians,Arequipanians,21,1838,1,1
Arminians,"Armenians, Armeniennes, Arminians",Arminians,21,1838,1,1
Assyrians,Assyrians,Assyrians,21,1838,1,1
Burgundians,Burgundians,Burgundians,21,1838,1,1
Cambaceres,Cambaceres,Cambaceres,21,1838,1,1
Canaanites,Canaanites,Canaanites,21,1838,1,1
Chilians,Chilians,Chilians,21,1838,1,1
Ephesians,Ephesians,Ephesians,21,1838,1,1
Esthonians,Esthonians,Esthonians,21,1838,1,1
Hebrews,Hebrews,Hebrews,21,1838,1,1
Hermesians,Hermesians,Hermesians,21,1838,1,1
Jesuits,Jesuits,Jesuits,21,1838,1,1
Lithuanians,Lithuanians,Lithuanians,21,1838,1,1
Mohicans,Mohicans,Mohicans,21,1838,1,1
Northerns,Northerns,Northerns,21,1838,1,1
Norwegians,Norwegians,Norwegians,21,1838,1,1
Numidians,Numidians,Numidians,21,1838,1,1
Protestants,Protestants,Protestants,21,1838,1,1
Prusians,Prusians,Prusians,21,1838,1,1
Prussians,Prussians,Prussians,21,1838,1,1
Sclavonians,Sclavonians,Sclavonians,21,1838,1,1
Servians,Servians,Servians,21,1838,1,1
Siberians,Siberians,Siberians,21,1838,1,1
Sikhs,"Sieks, Sieyes, Sikhs and 1 more",Sikhs,21,1838,1,1
Sunnites,Sunnites,Sunnites,21,1838,1,1
Swedes,Swedes,Swedes,21,1838,1,1
Syrians,Syrians,Syrians,21,1838,1,1
Syro-Phcenicians,Syro-Phcenicians,Syro-Phcenicians,21,1838,1,1
Tatars,Tatars,Tatars,21,1838,1,1
Thuringians,Thuringians,Thuringians,21,1838,1,1
Turks,"Turcomans, Turk, Turkmans and 2 more",Turks,21,1838,1,1
Tyrians,Tyrians,Tyrians,21,1838,1,1
Venetians,Venetians,Venetians,21,1838,1,1
West-Goths,West-Goths & Westgoths,West-Goths,21,1838,1,1
Whistons,Whistons,Whistons,21,1838,1,1
Austrians,Austrians & Austriuns,Austrians & Austriuns,21,1838,1,2
Bavarians,Bavarians,Bavarians,21,1838,1,2
Belgians,Belgians,Belgians,21,1838,1,2
Egyptians,Egyptians,Egyptians,21,1838,1,2
Frenchmen,"French, Frenchman, Frenchmen",Frenchmen,21,1838,1,2
Mussulmans,"Moslemans, Moslems, Moslims and 3 more",Mussulmans,21,1838,1,2
Negroes,"Negocians, Negritos, Negroes",Negroes,21,1838,1,2
Parisians,Parisians,Parisians,21,1838,1,2
Scandinavians,Scandinavians,Scandinavians,21,1838,1,2
Americans,"Americaines, Americains, Americans",Americans,21,1838,1,3
Catholics,Catholics,Catholics,21,1838,1,3
Persians,Persians,Persians,21,1838,1,4
Russians,Russians,Russians,21,1838,1,4
Arabs,"Arabes, Arabians, Arabs",Arabs,21,1838,1,5
Danes,Danes,Danes,21,1838,1,5
Carthaginians,Carthagenians & Carthaginians,Carthaginians,21,1838,1,6
Jews,Jews,Jews,21,1838,1,6
Romans,Romans,Romans,21,1838,1,6
Christians,Christians,Christians,21,1838,1,7
Europeans,Europeans,Europeans,21,1838,1,7
Phoenicians,"Phcenicians, Phenicians, Phoenicians",Phoenicians,21,1838,1,7
Peruvians,Peruvians,Peruvians,21,1838,1,8
Chinese,Chinese,Chinese,21,1838,1,12
Germans,Germans,Germans,21,1838,1,14
Canadians,Canadians,Canadians,21,1838,1,16
Indians,Indians,Indians,21,1838,1,16
Aglabites,Aglabites,Aglabites,22,1839,1,1
Anti-Hermesians,Anti-Hermesians,Anti-Hermesians,22,1839,1,1
Armenians,"Armenians, Armeniennes, Arminians",Armenians & Armeniennes,22,1839,1,1
Babylonians,Babylonians,Babylonians,22,1839,1,1
Belgians,Belgians,Belgians,22,1839,1,1
Britons,Britons,Britons,22,1839,1,1
Carthaginians,Carthagenians & Carthaginians,Carthaginians,22,1839,1,1
Danes,Danes,Danes,22,1839,1,1
Edrissites,Edrissites,Edrissites,22,1839,1,1
Eginetans,Eginetans,Eginetans,22,1839,1,1
Europeans,Europeans,Europeans,22,1839,1,1
Girgashites,Girgashites,Girgashites,22,1839,1,1
Hermesians,Hermesians,Hermesians,22,1839,1,1
Israelites,Israelites,Israelites,22,1839,1,1
Lacedaemonians,Lacedaemonians,Lacedaemonians,22,1839,1,1
Latins,Latins,Latins,22,1839,1,1
Malkomites,Malkomites,Malkomites,22,1839,1,1
Moslemans,"Moslemans, Moslems, Moslims and 3 more",Moslemans,22,1839,1,1
Pagans,Pagans,Pagans,22,1839,1,1
Parisians,Parisians,Parisians,22,1839,1,1
Phrygians,Phrygians,Phrygians,22,1839,1,1
Roman,Roman,Roman,22,1839,1,1
Romans,Romans,Romans,22,1839,1,1
Tatars,Tatars,Tatars,22,1839,1,1
Turks,"Turcomans, Turk, Turkmans and 2 more",Turks,22,1839,1,1
Walachians,Walachians & Wallachians,Walachians,22,1839,1,1
Westphalians,Westphalians,Westphalians,22,1839,1,1
Affghans,"Affgauns, Affghans, Afghans",Affghans,22,1839,1,2
Athenians,Athenians,Athenians,22,1839,1,2
Austrians,Austrians & Austriuns,Austrians & Austriuns,22,1839,1,2
Chilians,Chilians,Chilians,22,1839,1,2
Phoenicians,"Phcenicians, Phenicians, Phoenicians",Phoenicians,22,1839,1,2
Saracens,Saracens,Saracens,22,1839,1,2
Turcomans,"Turcomans, Turk, Turkmans and 2 more",Turcomans,22,1839,1,2
Tuscans,Tuscans,Tuscans,22,1839,1,2
Chinese,Chinese,Chinese,22,1839,1,3
Italians,Italians,Italians & Italiennes,22,1839,1,3
Moslems,"Moslemans, Moslems, Moslims and 3 more",Moslems,22,1839,1,3
Norwegians,Norwegians,Norwegians,22,1839,1,3
Christians,Christians,Christians,22,1839,1,4
Egyptians,Egyptians,Egyptians,22,1839,1,4
Jesuits,Jesuits,Jesuits,22,1839,1,4
Peruvians,Peruvians,Peruvians,22,1839,1,5
Protestants,Protestants,Protestants,22,1839,1,5
Indians,Indians,Indians,22,1839,1,6
Poles,Poles,Poles,22,1839,1,6
Jews,Jews,Jews,22,1839,1,8
Turks,"Turcomans, Turk, Turkmans and 2 more",Turks,22,1839,1,11
Russians,Russians,Russians,22,1839,1,12
Germans,Germans,Germans,22,1839,1,13
Persians,Persians,Persians,22,1839,1,13
Arabs,"Arabes, Arabians, Arabs",Arabs,22,1839,1,16
Catholics,Catholics,Catholics,22,1839,1,20
Afghans,"Affgauns, Affghans, Afghans",Afghans,23,1839,1,1
Aristides,Aristides,Aristides,23,1839,1,1
Armenians,"Armenians, Armeniennes, Arminians",Armenians & Armeniennes,23,1839,1,1
British,British,British,23,1839,1,1
Britons,Britons,Britons,23,1839,1,1
Burgers,Burgers,Burgers,23,1839,1,1
Cainides,Cainides,Cainides,23,1839,1,1
Caledonians,Caledonians,Caledonians,23,1839,1,1
Carthaginians,Carthagenians & Carthaginians,Carthaginians,23,1839,1,1
Chinese,Chinese,Chinese,23,1839,1,1
Colchians,Colchians,Colchians,23,1839,1,1
French,"French, Frenchman, Frenchmen",French,23,1839,1,1
Gabalis,Gabalis,Gabalis,23,1839,1,1
Hermesians,Hermesians,Hermesians,23,1839,1,1
Hyperboreans,Hyperboreans,Hyperboreans,23,1839,1,1
Latins,Latins,Latins,23,1839,1,1
Medo-Persians,Medo-Persians,Medo-Persians,23,1839,1,1
Moollahs,Moollahs,Moollahs,23,1839,1,1
Nazims,Nazims,Nazims,23,1839,1,1
Normans,Normans,Normans,23,1839,1,1
Parisians,Parisians,Parisians,23,1839,1,1
Poles,Poles,Poles,23,1839,1,1
Porsouians,Porsouians,Porsouians,23,1839,1,1
Scandinavians,Scandinavians,Scandinavians,23,1839,1,1
Swedes,Swedes,Swedes,23,1839,1,1
Americans,"Americaines, Americains, Americans",Americans,23,1839,1,2
Bavarians,Bavarians,Bavarians,23,1839,1,2
Georgians,Georgians,Georgians,23,1839,1,2
Jesuits,Jesuits,Jesuits,23,1839,1,2
Rosicrucians,Rosicrucians,Rosicrucians,23,1839,1,2
Sikhs,"Sieks, Sieyes, Sikhs and 1 more",Sikhs,23,1839,1,2
Tatars,Tatars,Tatars,23,1839,1,2
Catholics,Catholics,Catholics,23,1839,1,3
Egyptians,Egyptians,Egyptians,23,1839,1,3
Italians,Italians,Italians & Italiennes,23,1839,1,3
Romans,Romans,Romans,23,1839,1,3
Turcomans,"Turcomans, Turk, Turkmans and 2 more",Turcomans,23,1839,1,3
Arabians,"Arabes, Arabians, Arabs",Arabians,23,1839,1,4
Jews,Jews,Jews,23,1839,1,4
Arabs,"Arabes, Arabians, Arabs",Arabs,23,1839,1,5
Austrians,Austrians & Austriuns,Austrians & Austriuns,23,1839,1,6
Porsonians,Porsonians,Porsonians,23,1839,1,6
Indians,Indians,Indians,23,1839,1,7
Turks,"Turcomans, Turk, Turkmans and 2 more",Turks,23,1839,1,8
Persians,Persians,Persians,23,1839,1,10
Affghans,"Affgauns, Affghans, Afghans",Affghans,23,1839,1,15
Germans,Germans,Germans,23,1839,1,19
Russians,Russians,Russians,23,1839,1,23
Abyssinians,Abyssinians,Abyssinians,24,1840,1,1
Arabians,"Arabes, Arabians, Arabs",Arabians,24,1840,1,1
Ashkanians,Ashkanians,Ashkanians,24,1840,1,1
Austrians,Austrians & Austriuns,Austrians & Austriuns,24,1840,1,1
Barbarians,Barbarians,Barbarians,24,1840,1,1
Bohemians,Bohemians,Bohemians,24,1840,1,1
British,British,British,24,1840,1,1
Britons,Britons,Britons,24,1840,1,1
Bulgarians,Bulgarians,Bulgarians,24,1840,1,1
Burgers,Burgers,Burgers,24,1840,1,1
Egyptians,Egyptians,Egyptians,24,1840,1,1
Ephesians,Ephesians,Ephesians,24,1840,1,1
Etruscans,Etruscans,Etruscans,24,1840,1,1
Helvetians,Helvetians,Helvetians,24,1840,1,1
Italians,Italians,Italians & Italiennes,24,1840,1,1
Latins,Latins,Latins,24,1840,1,1
Magians,Magians,Magians,24,1840,1,1
Magyars,Magyars,Magyars,24,1840,1,1
Meccans,Meccans,Meccans,24,1840,1,1
Moravians,Moravians,Moravians,24,1840,1,1
Moslems,"Moslemans, Moslems, Moslims and 3 more",Moslems,24,1840,1,1
Papists,Papists,Papists,24,1840,1,1
Phoenicians,"Phcenicians, Phenicians, Phoenicians",Phoenicians,24,1840,1,1
Postans,Postans,Postans,24,1840,1,1
Transylvanians,Transylvanians,Transylvanians,24,1840,1,1
Affghans,"Affgauns, Affghans, Afghans",Affghans,24,1840,1,2
Athenians,Athenians,Athenians,24,1840,1,2
Erulians,Erulians,Erulians,24,1840,1,2
Muslims,"Moslemans, Moslems, Moslims and 3 more",Muslims,24,1840,1,2
Poles,Poles,Poles,24,1840,1,2
Americans,"Americaines, Americains, Americans",Americans,24,1840,1,3
Jesuits,Jesuits,Jesuits,24,1840,1,3
Moslims,"Moslemans, Moslems, Moslims and 3 more",Moslims,24,1840,1,3
Negroes,"Negocians, Negritos, Negroes",Negroes,24,1840,1,3
Catholics,Catholics,Catholics,24,1840,1,4
Russians,Russians,Russians,24,1840,1,4
Tatars,Tatars,Tatars,24,1840,1,4
Belgians,Belgians,Belgians,24,1840,1,5
Christians,Christians,Christians,24,1840,1,5
Indians,Indians,Indians,24,1840,1,5
Ethiopians,Ethiopians,Ethiopians,24,1840,1,6
Europeans,Europeans,Europeans,24,1840,1,6
Romans,Romans,Romans,24,1840,1,7
Hungarians,Hungarians,Hungarians,24,1840,1,9
Persians,Persians,Persians,24,1840,1,10
Jews,Jews,Jews,24,1840,1,16
Arabs,"Arabes, Arabians, Arabs",Arabs,24,1840,1,17
Chinese,Chinese,Chinese,24,1840,1,17
Germans,Germans,Germans,24,1840,1,29
Turks,"Turcomans, Turk, Turkmans and 2 more",Turks,24,1840,1,38
Americans,"Americaines, Americains, Americans",Americans,25,1840,1,1
Arabs,"Arabes, Arabians, Arabs",Arabs,25,1840,1,1
Asiatics,Asiatic & Asiatics,Asiatic & Asiatics,25,1840,1,1
Chekers,Chekers,Chekers,25,1840,1,1
Christians,Christians,Christians,25,1840,1,1
Cossacks,Cossacks,Cossacks,25,1840,1,1
Cracovians,Cracovians,Cracovians,25,1840,1,1
Ethiopians,Ethiopians,Ethiopians,25,1840,1,1
Europeans,Europeans,Europeans,25,1840,1,1
Goths,Goths,Goths,25,1840,1,1
Indians,Indians,Indians,25,1840,1,1
Israelites,Israelites,Israelites,25,1840,1,1
Jews,Jews,Jews,25,1840,1,1
Muscovites,Muscovites,Muscovites,25,1840,1,1
Nisbney-Kolymskites,Nisbney-Kolymskites,Nisbney-Kolymskites,25,1840,1,1
Parisians,Parisians,Parisians,25,1840,1,1
Persians,Persians,Persians,25,1840,1,1
Scandinavians,Scandinavians,Scandinavians,25,1840,1,1
Siberians,Siberians,Siberians,25,1840,1,1
Socinians,Socinians,Socinians,25,1840,1,1
Swedes,Swedes,Swedes,25,1840,1,1
Tungusians,Tungusians,Tungusians,25,1840,1,1
Australians,Australians,Australians,25,1840,1,2
Belgians,Belgians,Belgians,25,1840,1,2
Catholics,Catholics,Catholics,25,1840,1,2
Norwegians,Norwegians,Norwegians,25,1840,1,2
Austrians,Austrians & Austriuns,Austrians & Austriuns,25,1840,1,3
Romans,Romans,Romans,25,1840,1,3
Protestants,Protestants,Protestants,25,1840,1,4
Russians,Russians,Russians,25,1840,1,6
Chinese,Chinese,Chinese,25,1840,1,8
Poles,Poles,Poles,25,1840,1,14
Jesuits,Jesuits,Jesuits,25,1840,1,15
Germans,Germans,Germans,25,1840,1,28
Abassians,Abassians,Abassians,26,1841,1,1
Asiatic,Asiatic & Asiatics,Asiatic & Asiatics,26,1841,1,1
Assyrians,Assyrians,Assyrians,26,1841,1,1
Babylonians,Babylonians,Babylonians,26,1841,1,1
Barbarians,Barbarians,Barbarians,26,1841,1,1
Carthusians,Carthusians,Carthusians,26,1841,1,1
Christians,Christians,Christians,26,1841,1,1
Cossacks,Cossacks,Cossacks,26,1841,1,1
Dalecarlians,Dalecarlians,Dalecarlians,26,1841,1,1
Dominicans,Dominicans,Dominicans,26,1841,1,1
Egyptians,Egyptians,Egyptians,26,1841,1,1
Finns,Finns,Finns,26,1841,1,1
French,"French, Frenchman, Frenchmen",French,26,1841,1,1
Frenchmen,"French, Frenchman, Frenchmen",Frenchmen,26,1841,1,1
Grecians,Grecians,Grecians,26,1841,1,1
Hispaniens,Hispaniens,Hispaniens,26,1841,1,1
Huns,Huns,Huns,26,1841,1,1
Jansenists,Jansenists,Jansenists,26,1841,1,1
Jesuites,Jesuites,Jesuites,26,1841,1,1
Liberians,Liberians,Liberians,26,1841,1,1
Lucians,Lucians,Lucians,26,1841,1,1
Magyars,Magyars,Magyars,26,1841,1,1
Muscovites,Muscovites,Muscovites,26,1841,1,1
Neapolitans,Neapolitans,Neapolitans,26,1841,1,1
Patagonians,Patagonians,Patagonians,26,1841,1,1
Prussians,Prussians,Prussians,26,1841,1,1
Sclavouians,Sclavouians,Sclavouians,26,1841,1,1
Servians,Servians,Servians,26,1841,1,1
Tyrians,Tyrians,Tyrians,26,1841,1,1
Ukrainians,Ukrainians,Ukrainians,26,1841,1,1
Arabs,"Arabes, Arabians, Arabs",Arabs,26,1841,1,2
Athenians,Athenians,Athenians,26,1841,1,2
Carthaginians,Carthagenians & Carthaginians,Carthaginians,26,1841,1,2
Epidaurians,Epidaurians,Epidaurians,26,1841,1,2
Goths,Goths,Goths,26,1841,1,2
Hungarians,Hungarians,Hungarians,26,1841,1,2
Jews,Jews,Jews,26,1841,1,2
Moldavians,Moldavians,Moldavians,26,1841,1,2
Persians,Persians,Persians,26,1841,1,2
Sarmathians,Sarmathians,Sarmathians,26,1841,1,2
Scythians,Scythians,Scythians,26,1841,1,2
Thalamites,Thalamites,Thalamites,26,1841,1,2
Africans,Africans,Africans,26,1841,1,3
Austrians,Austrians & Austriuns,Austrians & Austriuns,26,1841,1,3
Phoenicians,"Phcenicians, Phenicians, Phoenicians",Phoenicians,26,1841,1,3
Protestants,Protestants,Protestants,26,1841,1,3
Syrians,Syrians,Syrians,26,1841,1,3
Tuscans,Tuscans,Tuscans,26,1841,1,3
Catholics,Catholics,Catholics,26,1841,1,4
Europeans,Europeans,Europeans,26,1841,1,4
Lithuanians,Lithuanians,Lithuanians,26,1841,1,4
Venetians,Venetians,Venetians,26,1841,1,4
Skandinavians,Skandinavians,Skandinavians,26,1841,1,5
Chinese,Chinese,Chinese,26,1841,1,7
Americans,"Americaines, Americains, Americans",Americans,26,1841,1,8
Indians,Indians,Indians,26,1841,1,8
Romans,Romans,Romans,26,1841,1,9
Russians,Russians,Russians,26,1841,1,11
Tatars,Tatars,Tatars,26,1841,1,12
Poles,Poles,Poles,26,1841,1,15
Turks,"Turcomans, Turk, Turkmans and 2 more",Turks,26,1841,1,17
Jesuits,Jesuits,Jesuits,26,1841,1,18
Sclavonians,Sclavonians,Sclavonians,26,1841,1,19
Italians,Italians,Italians & Italiennes,26,1841,1,20
Germans,Germans,Germans,26,1841,1,26
Abyssinians,Abyssinians,Abyssinians,27,1841,1,1
Anglo-Americans,Anglo-Americans,Anglo-Americans,27,1841,1,1
Arab-Egyptians,Arab-Egyptians,Arab-Egyptians,27,1841,1,1
Arabians,"Arabes, Arabians, Arabs",Arabians,27,1841,1,1
Armenians,"Armenians, Armeniennes, Arminians",Armenians & Armeniennes,27,1841,1,1
Asiatics,Asiatic & Asiatics,Asiatic & Asiatics,27,1841,1,1
Belgians,Belgians,Belgians,27,1841,1,1
Bretons,Bretons,Bretons,27,1841,1,1
Canaries,Canaries,Canaries,27,1841,1,1
Chinese,Chinese,Chinese,27,1841,1,1
Egyptians,Egyptians,Egyptians,27,1841,1,1
French,"French, Frenchman, Frenchmen",French,27,1841,1,1
Greeks,Greeks,Greeks,27,1841,1,1
Irish,Irish,Irish,27,1841,1,1
Negroes,"Negocians, Negritos, Negroes",Negroes,27,1841,1,1
Pagans,Pagans,Pagans,27,1841,1,1
Palatines,Palatinates & Palatines,Palatines,27,1841,1,1
Persians,Persians,Persians,27,1841,1,1
Phoenicians,"Phcenicians, Phenicians, Phoenicians",Phoenicians,27,1841,1,1
Quakers,Quakers,Quakers,27,1841,1,1
Scandinavians,Scandinavians,Scandinavians,27,1841,1,1
Tatars,Tatars,Tatars,27,1841,1,1
Valencians,Valencians,Valencians,27,1841,1,1
Austrians,Austrians & Austriuns,Austrians & Austriuns,27,1841,1,2
Caraites,Caraites,Caraites,27,1841,1,2
Israelites,Israelites,Israelites,27,1841,1,2
Neapolitans,Neapolitans,Neapolitans,27,1841,1,2
Protestants,Protestants,Protestants,27,1841,1,2
Romans,Romans,Romans,27,1841,1,2
Americans,"Americaines, Americains, Americans",Americans,27,1841,1,3
Catholics,Catholics,Catholics,27,1841,1,3
Mussulmans,"Moslemans, Moslems, Moslims and 3 more",Mussulmans,27,1841,1,3
Europeans,Europeans,Europeans,27,1841,1,7
Mexicans,Mexicans,Mexicans,27,1841,1,7
Germans,Germans,Germans,27,1841,1,8
Jesuits,Jesuits,Jesuits,27,1841,1,8
Poles,Poles,Poles,27,1841,1,8
Turks,"Turcomans, Turk, Turkmans and 2 more",Turks,27,1841,1,9
Christians,Christians,Christians,27,1841,1,10
Arabs,"Arabes, Arabians, Arabs",Arabs,27,1841,1,11
Indians,Indians,Indians,27,1841,1,13
Italians,Italians,Italians & Italiennes,27,1841,1,19
Russians,Russians,Russians,27,1841,1,22
Jews,Jews,Jews,27,1841,1,30
Arabians,"Arabes, Arabians, Arabs",Arabians,28,1842,1,1
Armoricans,Armoricans,Armoricans,28,1842,1,1
Assises,Assises,Assises,28,1842,1,1
Banians,Banians,Banians,28,1842,1,1
Biscayans,Biscayans,Biscayans,28,1842,1,1
Bohemians,Bohemians,Bohemians,28,1842,1,1
Bulgarians,Bulgarians,Bulgarians,28,1842,1,1
Burgesses,Burgesses,Burgesses,28,1842,1,1
Canaanites,Canaanites,Canaanites,28,1842,1,1
Cashmerians,Cashmerians,Cashmerians,28,1842,1,1
Danes,Danes,Danes,28,1842,1,1
Enghans,Enghans,Enghans,28,1842,1,1
English,"English, Englishman', Englishmen",English,28,1842,1,1
Indians,Indians,Indians,28,1842,1,1
Jesuits,Jesuits,Jesuits,28,1842,1,1
Jewesses,Jewesses,Jewesses,28,1842,1,1
Karpaths,Karpaths,Karpaths,28,1842,1,1
Lacedemonians,Lacedemonians,Lacedemonians,28,1842,1,1
Libyans,Libyans,Libyans,28,1842,1,1
Lithuanians,Lithuanians,Lithuanians,28,1842,1,1
Mongolians,Mongolians,Mongolians,28,1842,1,1
Parisians,Parisians,Parisians,28,1842,1,1
Philistines,Philistines,Philistines,28,1842,1,1
Phoenicians,"Phcenicians, Phenicians, Phoenicians",Phoenicians,28,1842,1,1
Pomeranians,Pomeranians,Pomeranians,28,1842,1,1
Saracens,Saracens,Saracens,28,1842,1,1
Sclavonians,Sclavonians,Sclavonians,28,1842,1,1
Scythians,Scythians,Scythians,28,1842,1,1
Seljukians,Seljukians,Seljukians,28,1842,1,1
Tartars,Tartars,Tartars,28,1842,1,1
Visigoths,Visigoths,Visigoths,28,1842,1,1
Afghans,"Affgauns, Affghans, Afghans",Afghans,28,1842,1,2
Carthaginians,Carthagenians & Carthaginians,Carthaginians,28,1842,1,2
Egyptians,Egyptians,Egyptians,28,1842,1,2
Europeans,Europeans,Europeans,28,1842,1,2
Iberians,Iberians,Iberians,28,1842,1,2
Israelites,Israelites,Israelites,28,1842,1,2
Norwegians,Norwegians,Norwegians,28,1842,1,2
Syrians,Syrians,Syrians,28,1842,1,2
Austrians,Austrians & Austriuns,Austrians & Austriuns,28,1842,1,3
Belgians,Belgians,Belgians,28,1842,1,3
Guelphs,Guelfs & Guelphs,Guelphs,28,1842,1,3
Latins,Latins,Latins,28,1842,1,3
Negroes,"Negocians, Negritos, Negroes",Negroes,28,1842,1,3
Prussians,Prussians,Prussians,28,1842,1,3
Goths,Goths,Goths,28,1842,1,4
Persians,Persians,Persians,28,1842,1,4
Slavonians,Slavonians,Slavonians,28,1842,1,4
Venetians,Venetians,Venetians,28,1842,1,4
Americans,"Americaines, Americains, Americans",Americans,28,1842,1,6
Jews,Jews,Jews,28,1842,1,6
Tatars,Tatars,Tatars,28,1842,1,6
Turks,"Turcomans, Turk, Turkmans and 2 more",Turks,28,1842,1,7
Abyssinians,Abyssinians,Abyssinians,28,1842,1,10
Arabs,"Arabes, Arabians, Arabs",Arabs,28,1842,1,10
Burgundians,Burgundians,Burgundians,28,1842,1,12
Romans,Romans,Romans,28,1842,1,15
Christians,Christians,Christians,28,1842,1,16
Poles,Poles,Poles,28,1842,1,17
Italians,Italians,Italians & Italiennes,28,1842,1,22
Russians,Russians,Russians,28,1842,1,26
Germans,Germans,Germans,28,1842,1,31
Amalekites,Amalekites,Amalekites,29,1842,1,1
Arabians,"Arabes, Arabians, Arabs",Arabians,29,1842,1,1
Armenians,"Armenians, Armeniennes, Arminians",Armenians & Armeniennes,29,1842,1,1
Bohemians,Bohemians,Bohemians,29,1842,1,1
Bristolians,Bristolians,Bristolians,29,1842,1,1
Burgundians,Burgundians,Burgundians,29,1842,1,1
Carthagenians,Carthagenians & Carthaginians,Carthagenians,29,1842,1,1
Carthaginians,Carthagenians & Carthaginians,Carthaginians,29,1842,1,1
Croatians,Croatians,Croatians,29,1842,1,1
Dalmatians,Dalmatians,Dalmatians,29,1842,1,1
Edomites,Edomites,Edomites,29,1842,1,1
Europeans,Europeans,Europeans,29,1842,1,1
Gaules,Gaules & Gauls,Gaules,29,1842,1,1
Georgians,Georgians,Georgians,29,1842,1,1
Huns,Huns,Huns,29,1842,1,1
Hussites,Hussites,Hussites,29,1842,1,1
Magians,Magians,Magians,29,1842,1,1
Magyars,Magyars,Magyars,29,1842,1,1
Moslems,"Moslemans, Moslems, Moslims and 3 more",Moslems,29,1842,1,1
Mussulmans,"Moslemans, Moslems, Moslims and 3 more",Mussulmans,29,1842,1,1
Palatines,Palatinates & Palatines,Palatines,29,1842,1,1
Swabians,Swabians,Swabians,29,1842,1,1
Swedes,Swedes,Swedes,29,1842,1,1
Ulyrians,Ulyrians,Ulyrians,29,1842,1,1
Venetians,Venetians,Venetians,29,1842,1,1
Chinese,Chinese,Chinese,29,1842,1,2
Goths,Goths,Goths,29,1842,1,2
Hermesians,Hermesians,Hermesians,29,1842,1,2
Ismaelians,Ismaelians & Ismailites,Ismaelians,29,1842,1,2
Israelites,Israelites,Israelites,29,1842,1,2
Kirchen,Kirchen,Kirchen,29,1842,1,2
Poles,Poles,Poles,29,1842,1,2
Slavonians,Slavonians,Slavonians,29,1842,1,2
Austrians,Austrians & Austriuns,Austrians & Austriuns,29,1842,1,3
Finns,Finns,Finns,29,1842,1,3
Maronites,Maronites,Maronites,29,1842,1,3
Parisians,Parisians,Parisians,29,1842,1,3
Phoenicians,"Phcenicians, Phenicians, Phoenicians",Phoenicians,29,1842,1,3
Romans,Romans,Romans,29,1842,1,3
Frenchmen,"French, Frenchman, Frenchmen",Frenchmen,29,1842,1,4
Indians,Indians,Indians,29,1842,1,4
Persians,Persians,Persians,29,1842,1,4
Protestants,Protestants,Protestants,29,1842,1,4
Tatars,Tatars,Tatars,29,1842,1,4
Catholics,Catholics,Catholics,29,1842,1,5
Italians,Italians,Italians & Italiennes,29,1842,1,5
Hungarians,Hungarians,Hungarians,29,1842,1,8
Jesuits,Jesuits,Jesuits,29,1842,1,8
Christians,Christians,Christians,29,1842,1,10
Jews,Jews,Jews,29,1842,1,10
Arabs,"Arabes, Arabians, Arabs",Arabs,29,1842,1,12
Russians,Russians,Russians,29,1842,1,20
Servians,Servians,Servians,29,1842,1,23
Germans,Germans,Germans,29,1842,1,27
Turks,"Turcomans, Turk, Turkmans and 2 more",Turks,29,1842,1,30
Affghans,"Affgauns, Affghans, Afghans",Affghans,30,1843,1,1
Agilolfingians,Agilolfingians,Agilolfingians,30,1843,1,1
Assyrians,Assyrians,Assyrians,30,1843,1,1
Barbarians,Barbarians,Barbarians,30,1843,1,1
Barrotites,Barrotites,Barrotites,30,1843,1,1
Britons,Britons,Britons,30,1843,1,1
Catholics,Catholics,Catholics,30,1843,1,1
Christians,Christians,Christians,30,1843,1,1
Ciceronians,Ciceronians,Ciceronians,30,1843,1,1
Danes,Danes,Danes,30,1843,1,1
English,"English, Englishman', Englishmen",English,30,1843,1,1
Englishmen,"English, Englishman', Englishmen",Englishmen,30,1843,1,1
Europeans,Europeans,Europeans,30,1843,1,1
Ilkhans,Ilkhans,Ilkhans,30,1843,1,1
Indians,Indians,Indians,30,1843,1,1
Israelites,Israelites,Israelites,30,1843,1,1
Jemals,Jemals,Jemals,30,1843,1,1
Nubians,Nubians,Nubians,30,1843,1,1
Poles,Poles,Poles,30,1843,1,1
Prussians,Prussians,Prussians,30,1843,1,1
Sikhs,"Sieks, Sieyes, Sikhs and 1 more",Sikhs,30,1843,1,1
Simonians,Simonians,Simonians,30,1843,1,1
Westphalians,Westphalians,Westphalians,30,1843,1,1
Athenians,Athenians,Athenians,30,1843,1,2
Bords,Bords,Bords,30,1843,1,2
Grecians,Grecians,Grecians,30,1843,1,2
Hanoverians,Hanoverians,Hanoverians,30,1843,1,2
Hungarians,Hungarians,Hungarians,30,1843,1,2
Jews,Jews,Jews,30,1843,1,2
Mongolians,Mongolians,Mongolians,30,1843,1,2
Neapolitans,Neapolitans,Neapolitans,30,1843,1,2
Parisians,Parisians,Parisians,30,1843,1,2
Sieks,"Sieks, Sieyes, Sikhs and 1 more",Sieks,30,1843,1,2
Americans,"Americaines, Americains, Americans",Americans,30,1843,1,3
French,"French, Frenchman, Frenchmen",French,30,1843,1,3
Frenchmen,"French, Frenchman, Frenchmen",Frenchmen,30,1843,1,3
Ionians,Ionians,Ionians,30,1843,1,3
Jesuits,Jesuits,Jesuits,30,1843,1,3
Persians,Persians,Persians,30,1843,1,3
Arabs,"Arabes, Arabians, Arabs",Arabs,30,1843,1,4
Romans,Romans,Romans,30,1843,1,4
Italians,Italians,Italians & Italiennes,30,1843,1,6
Turks,"Turcomans, Turk, Turkmans and 2 more",Turks,30,1843,1,6
Germans,Germans,Germans,30,1843,1,24
Affghans,"Affgauns, Affghans, Afghans",Affghans,31,1843,1,1
Americains,"Americaines, Americains, Americans",Americains,31,1843,1,1
Asiatics,Asiatic & Asiatics,Asiatic & Asiatics,31,1843,1,1
Belgians,Belgians,Belgians,31,1843,1,1
Bohemians,Bohemians,Bohemians,31,1843,1,1
British,British,British,31,1843,1,1
Creoles,Creoles,Creoles,31,1843,1,1
Croatians,Croatians,Croatians,31,1843,1,1
Danes,Danes,Danes,31,1843,1,1
Demosthenes,Demosthenes,Demosthenes,31,1843,1,1
Gueldres,Gueldres,Gueldres,31,1843,1,1
Guelfs,Guelfs & Guelphs,Guelfs,31,1843,1,1
Jacobites,Jacobites,Jacobites,31,1843,1,1
Macedonians,Macedonians,Macedonians,31,1843,1,1
Muscovites,Muscovites,Muscovites,31,1843,1,1
Mussulmans,"Moslemans, Moslems, Moslims and 3 more",Mussulmans,31,1843,1,1
Parisians,Parisians,Parisians,31,1843,1,1
Pastors,Pastors,Pastors,31,1843,1,1
Phcenicians,"Phcenicians, Phenicians, Phoenicians",Phcenicians,31,1843,1,1
Picadores,Picadores,Picadores,31,1843,1,1
Plantagenets,Plantagenets,Plantagenets,31,1843,1,1
Poles,Poles,Poles,31,1843,1,1
Representatives,Representatives,Representatives,31,1843,1,1
Sardinians,Sardinians,Sardinians,31,1843,1,1
Sclavonians,Sclavonians,Sclavonians,31,1843,1,1
Servians,Servians,Servians,31,1843,1,1
Socrates,Socrates,Socrates,31,1843,1,1
Suabians,Suabians,Suabians,31,1843,1,1
Thuringians,Thuringians,Thuringians,31,1843,1,1
Carthaginians,Carthagenians & Carthaginians,Carthaginians,31,1843,1,2
Christians,Christians,Christians,31,1843,1,2
Hungarians,Hungarians,Hungarians,31,1843,1,2
Israelites,Israelites,Israelites,31,1843,1,2
Persians,Persians,Persians,31,1843,1,2
Prussians,Prussians,Prussians,31,1843,1,2
Austrians,Austrians & Austriuns,Austrians & Austriuns,31,1843,1,3
Frenchmen,"French, Frenchman, Frenchmen",Frenchmen,31,1843,1,3
Frisians,Frisians,Frisians,31,1843,1,3
Venetians,Venetians,Venetians,31,1843,1,3
Americans,"Americaines, Americains, Americans",Americans,31,1843,1,4
Burgraves,Burgraves,Burgraves,31,1843,1,4
Europeans,Europeans,Europeans,31,1843,1,4
Turks,"Turcomans, Turk, Turkmans and 2 more",Turks,31,1843,1,4
Athenians,Athenians,Athenians,31,1843,1,5
Italians,Italians,Italians & Italiennes,31,1843,1,6
Romans,Romans,Romans,31,1843,1,6
Jews,Jews,Jews,31,1843,1,7
Russians,Russians,Russians,31,1843,1,8
Jesuits,Jesuits,Jesuits,31,1843,1,9
Indians,Indians,Indians,31,1843,1,12
Germans,Germans,Germans,31,1843,1,19
Abyssinians,Abyssinians,Abyssinians,32,1844,1,1
Alsacians,Alsacians & Alsatians,Alsacians,32,1844,1,1
Arabs,"Arabes, Arabians, Arabs",Arabs,32,1844,1,1
Asiatics,Asiatic & Asiatics,Asiatic & Asiatics,32,1844,1,1
Athenians,Athenians,Athenians,32,1844,1,1
Australians,Australians,Australians,32,1844,1,1
Flanders,Flanders,Flanders,32,1844,1,1
Flassans,Flassans,Flassans,32,1844,1,1
French,"French, Frenchman, Frenchmen",French,32,1844,1,1
Geefs,Geefs,Geefs,32,1844,1,1
Guelfs,Guelfs & Guelphs,Guelfs,32,1844,1,1
Guelphs,Guelfs & Guelphs,Guelphs,32,1844,1,1
Hungarians,Hungarians,Hungarians,32,1844,1,1
Israelites,Israelites,Israelites,32,1844,1,1
Jats,Jats,Jats,32,1844,1,1
Latins,Latins,Latins,32,1844,1,1
Moslems,"Moslemans, Moslems, Moslims and 3 more",Moslems,32,1844,1,1
Mussulmans,"Moslemans, Moslems, Moslims and 3 more",Mussulmans,32,1844,1,1
Norwegians,Norwegians,Norwegians,32,1844,1,1
Persians,Persians,Persians,32,1844,1,1
Peruvians,Peruvians,Peruvians,32,1844,1,1
Poles,Poles,Poles,32,1844,1,1
Protestants,Protestants,Protestants,32,1844,1,1
Romans,Romans,Romans,32,1844,1,1
Scandinavians,Scandinavians,Scandinavians,32,1844,1,1
Schicksals,Schicksals,Schicksals,32,1844,1,1
Sieyes,"Sieks, Sieyes, Sikhs and 1 more",Sieyes,32,1844,1,1
Simonians,Simonians,Simonians,32,1844,1,1
Swiss,Swiss,Swiss,32,1844,1,1
Chinese,Chinese,Chinese,32,1844,1,2
Columbians,Columbians,Columbians,32,1844,1,2
Frenchmen,"French, Frenchman, Frenchmen",Frenchmen,32,1844,1,2
Phoenicians,"Phcenicians, Phenicians, Phoenicians",Phoenicians,32,1844,1,2
Sikhs,"Sieks, Sieyes, Sikhs and 1 more",Sikhs,32,1844,1,2
Venetians,Venetians,Venetians,32,1844,1,2
Catholics,Catholics,Catholics,32,1844,1,3
Christians,Christians,Christians,32,1844,1,3
Jesuites,Jesuites,Jesuites,32,1844,1,3
Jesuits,Jesuits,Jesuits,32,1844,1,3
Italians,Italians,Italians & Italiennes,32,1844,1,4
Jews,Jews,Jews,32,1844,1,4
Indians,Indians,Indians,32,1844,1,5
Sindians,Sindians,Sindians,32,1844,1,5
Americans,"Americaines, Americains, Americans",Americans,32,1844,1,6
Belooches,Belooches,Belooches,32,1844,1,7
Russians,Russians,Russians,32,1844,1,8
Turks,"Turcomans, Turk, Turkmans and 2 more",Turks,32,1844,1,8
Europeans,Europeans,Europeans,32,1844,1,10
Germans,Germans,Germans,32,1844,1,12
Amirs,Amirs,Amirs,32,1844,1,17
Afreedes,Afreedes,Afreedes,33,1844,1,1
Amirs,Amirs,Amirs,33,1844,1,1
Anglo-Americans,Anglo-Americans,Anglo-Americans,33,1844,1,1
Armenians,"Armenians, Armeniennes, Arminians",Armenians & Armeniennes,33,1844,1,1
Asiatics,Asiatic & Asiatics,Asiatic & Asiatics,33,1844,1,1
Belooches,Belooches,Belooches,33,1844,1,1
Blacks,Blacas & Blacks,Blacks,33,1844,1,1
Britons,Britons,Britons,33,1844,1,1
Carolinians,Carolinians,Carolinians,33,1844,1,1
Greeks,Greeks,Greeks,33,1844,1,1
Italians,Italians,Italians & Italiennes,33,1844,1,1
Jews,Jews,Jews,33,1844,1,1
Lindens,Lindens,Lindens,33,1844,1,1
Lithuanians,Lithuanians,Lithuanians,33,1844,1,1
Muscovites,Muscovites,Muscovites,33,1844,1,1
Mussulmans,"Moslemans, Moslems, Moslims and 3 more",Mussulmans,33,1844,1,1
Parisians,Parisians,Parisians,33,1844,1,1
Presbyterians,Presbyterians,Presbyterians,33,1844,1,1
Protestants,Protestants,Protestants,33,1844,1,1
Sindians,Sindians,Sindians,33,1844,1,1
Tartars,Tartars,Tartars,33,1844,1,1
Turkomans,"Turcomans, Turk, Turkmans and 2 more",Turkomans,33,1844,1,1
Venetians,Venetians,Venetians,33,1844,1,1
Chinese,Chinese,Chinese,33,1844,1,2
Frenchmen,"French, Frenchman, Frenchmen",Frenchmen,33,1844,1,2
Georgians,Georgians,Georgians,33,1844,1,2
Indians,Indians,Indians,33,1844,1,2
Norwegians,Norwegians,Norwegians,33,1844,1,2
Christians,Christians,Christians,33,1844,1,3
Haytians,Haytians,Haytians,33,1844,1,3
Romans,Romans,Romans,33,1844,1,3
Americans,"Americaines, Americains, Americans",Americans,33,1844,1,4
Postans,Postans,Postans,33,1844,1,4
Tahitians,Tahitians,Tahitians,33,1844,1,4
Persians,Persians,Persians,33,1844,1,5
Jesuits,Jesuits,Jesuits,33,1844,1,6
Europeans,Europeans,Europeans,33,1844,1,7
Poles,Poles,Poles,33,1844,1,7
Arabs,"Arabes, Arabians, Arabs",Arabs,33,1844,1,8
Sikhs,"Sieks, Sieyes, Sikhs and 1 more",Sikhs,33,1844,1,10
Catholics,Catholics,Catholics,33,1844,1,11
Turks,"Turcomans, Turk, Turkmans and 2 more",Turks,33,1844,1,11
Russians,Russians,Russians,33,1844,1,12
Affghans,"Affgauns, Affghans, Afghans",Affghans,33,1844,1,13
Germans,Germans,Germans,33,1844,1,28
Afreedes,Afreedes,Afreedes,34,1845,1,1
Anglo-Americans,Anglo-Americans,Anglo-Americans,34,1845,1,1
Armenians,"Armenians, Armeniennes, Arminians",Armenians & Armeniennes,34,1845,1,1
Athenians,Athenians,Athenians,34,1845,1,1
Britons,Britons,Britons,34,1845,1,1
Carolinians,Carolinians,Carolinians,34,1845,1,1
Circassians,Circassians,Circassians,34,1845,1,1
Czeches,Czeches,Czeches,34,1845,1,1
Greeks,Greeks,Greeks,34,1845,1,1
Indians,Indians,Indians,34,1845,1,1
Lindens,Lindens,Lindens,34,1845,1,1
Lithuanians,Lithuanians,Lithuanians,34,1845,1,1
Muscovites,Muscovites,Muscovites,34,1845,1,1
Norwegians,Norwegians,Norwegians,34,1845,1,1
Presbyterians,Presbyterians,Presbyterians,34,1845,1,1
Protestants,Protestants,Protestants,34,1845,1,1
Sindians,Sindians,Sindians,34,1845,1,1
Turkomans,"Turcomans, Turk, Turkmans and 2 more",Turkomans,34,1845,1,1
Tuscans,Tuscans,Tuscans,34,1845,1,1
Belgians,Belgians,Belgians,34,1845,1,2
Carthaginians,Carthagenians & Carthaginians,Carthaginians,34,1845,1,2
Frenchmen,"French, Frenchman, Frenchmen",Frenchmen,34,1845,1,2
Georgians,Georgians,Georgians,34,1845,1,2
Persians,Persians,Persians,34,1845,1,2
Amirs,Amirs,Amirs,34,1845,1,3
Asiatics,Asiatic & Asiatics,Asiatic & Asiatics,34,1845,1,3
Christians,Christians,Christians,34,1845,1,3
Jesuits,Jesuits,Jesuits,34,1845,1,4
Jews,Jews,Jews,34,1845,1,4
Postans,Postans,Postans,34,1845,1,4
Tahitians,Tahitians,Tahitians,34,1845,1,4
Chinese,Chinese,Chinese,34,1845,1,5
Europeans,Europeans,Europeans,34,1845,1,6
Americans,"Americaines, Americains, Americans",Americans,34,1845,1,7
Italians,Italians,Italians & Italiennes,34,1845,1,7
Poles,Poles,Poles,34,1845,1,7
Romans,Romans,Romans,34,1845,1,7
Turks,"Turcomans, Turk, Turkmans and 2 more",Turks,34,1845,1,7
Austrians,Austrians & Austriuns,Austrians & Austriuns,34,1845,1,9
Affghans,"Affgauns, Affghans, Afghans",Affghans,34,1845,1,11
Catholics,Catholics,Catholics,34,1845,1,11
Russians,Russians,Russians,34,1845,1,12
Sikhs,"Sieks, Sieyes, Sikhs and 1 more",Sikhs,34,1845,1,12
Germans,Germans,Germans,34,1845,1,27
Abyssinians,Abyssinians,Abyssinians,35,1845,1,1
Anglo-Indians,Anglo-Indians,Anglo-Indians,35,1845,1,1
Arians,Arians,Arians,35,1845,1,1
Arminians,"Armenians, Armeniennes, Arminians",Arminians,35,1845,1,1
Bavarians,Bavarians,Bavarians,35,1845,1,1
Belgians,Belgians,Belgians,35,1845,1,1
Bulgarians,Bulgarians,Bulgarians,35,1845,1,1
Carmelites,Carmelites,Carmelites,35,1845,1,1
Englishmen,"English, Englishman', Englishmen",Englishmen,35,1845,1,1
Europeans,Europeans,Europeans,35,1845,1,1
French,"French, Frenchman, Frenchmen",French,35,1845,1,1
Hungarians,Hungarians,Hungarians,35,1845,1,1
Israelites,Israelites,Israelites,35,1845,1,1
Lithuanians,Lithuanians,Lithuanians,35,1845,1,1
Manchesterians,Manchesterians,Manchesterians,35,1845,1,1
Normans,Normans,Normans,35,1845,1,1
Ollendorfians,Ollendorfians,Ollendorfians,35,1845,1,1
Persians,Persians,Persians,35,1845,1,1
Poles,Poles,Poles,35,1845,1,1
Russians,Russians,Russians,35,1845,1,1
Swiss,Swiss,Swiss,35,1845,1,1
Arabians,"Arabes, Arabians, Arabs",Arabians,35,1845,1,2
Austrians,Austrians & Austriuns,Austrians & Austriuns,35,1845,1,2
Danes,Danes,Danes,35,1845,1,2
Methodists,Methodists,Methodists,35,1845,1,2
Africans,Africans,Africans,35,1845,1,3
Turks,"Turcomans, Turk, Turkmans and 2 more",Turks,35,1845,1,3
Camisards,Camisards,Camisards,35,1845,1,4
Frenchmen,"French, Frenchman, Frenchmen",Frenchmen,35,1845,1,4
Negroes,"Negocians, Negritos, Negroes",Negroes,35,1845,1,4
Romans,Romans,Romans,35,1845,1,4
Jesuits,Jesuits,Jesuits,35,1845,1,5
Indians,Indians,Indians,35,1845,1,6
Italians,Italians,Italians & Italiennes,35,1845,1,6
Arabs,"Arabes, Arabians, Arabs",Arabs,35,1845,1,8
Catholics,Catholics,Catholics,35,1845,1,9
Scandinavians,Scandinavians,Scandinavians,35,1845,1,9
Americans,"Americaines, Americains, Americans",Americans,35,1845,1,14
Germans,Germans,Germans,35,1845,1,14
Protestants,Protestants,Protestants,35,1845,1,15
Amirs,Amirs,Amirs,36,1846,1,1
Andalucians,Andalucians,Andalucians,36,1846,1,1
Asiatics,Asiatic & Asiatics,Asiatic & Asiatics,36,1846,1,1
Barradas,Barradas,Barradas,36,1846,1,1
Burgundians,Burgundians,Burgundians,36,1846,1,1
Carmelites,Carmelites,Carmelites,36,1846,1,1
Danes,Danes,Danes,36,1846,1,1
Hungarians,Hungarians,Hungarians,36,1846,1,1
Israelites,Israelites,Israelites,36,1846,1,1
Labradores,Labradores,Labradores,36,1846,1,1
Pathans,Pathans,Pathans,36,1846,1,1
Romans,Romans,Romans,36,1846,1,1
Servians,Servians,Servians,36,1846,1,1
Simonians,Simonians,Simonians,36,1846,1,1
Slavonians,Slavonians,Slavonians,36,1846,1,1
Texians,Texians,Texians,36,1846,1,1
Venetians,Venetians,Venetians,36,1846,1,1
Belooches,Belooches,Belooches,36,1846,1,2
Catholics,Catholics,Catholics,36,1846,1,2
Chinese,Chinese,Chinese,36,1846,1,2
French,"French, Frenchman, Frenchmen",French,36,1846,1,2
Jews,Jews,Jews,36,1846,1,2
Tuscans,Tuscans,Tuscans,36,1846,1,2
Arabs,"Arabes, Arabians, Arabs",Arabs,36,1846,1,3
Frenchmen,"French, Frenchman, Frenchmen",Frenchmen,36,1846,1,3
Persians,Persians,Persians,36,1846,1,3
Turks,"Turcomans, Turk, Turkmans and 2 more",Turks,36,1846,1,3
Italians,Italians,Italians & Italiennes,36,1846,1,4
Mexicans,Mexicans,Mexicans,36,1846,1,4
Parisians,Parisians,Parisians,36,1846,1,4
Affghans,"Affgauns, Affghans, Afghans",Affghans,36,1846,1,5
Austrians,Austrians & Austriuns,Austrians & Austriuns,36,1846,1,5
Jesuits,Jesuits,Jesuits,36,1846,1,5
Prussians,Prussians,Prussians,36,1846,1,5
Americans,"Americaines, Americains, Americans",Americans,36,1846,1,7
Kashmirians,Kashmirians,Kashmirians,36,1846,1,7
Russians,Russians,Russians,36,1846,1,7
Europeans,Europeans,Europeans,36,1846,1,8
Sikhs,"Sieks, Sieyes, Sikhs and 1 more",Sikhs,36,1846,1,8
Indians,Indians,Indians,36,1846,1,15
Germans,Germans,Germans,36,1846,1,18
Anglo-Americans,Anglo-Americans,Anglo-Americans,37,1846,1,1
Arabes,"Arabes, Arabians, Arabs",Arabes,37,1846,1,1
Australians,Australians,Australians,37,1846,1,1
Bleeckers,Bleeckers,Bleeckers,37,1846,1,1
Boeotians,Boeotians,Boeotians,37,1846,1,1
Carlovingians,Carlovingians,Carlovingians,37,1846,1,1
Carmelites,Carmelites,Carmelites,37,1846,1,1
French,"French, Frenchman, Frenchmen",French,37,1846,1,1
Frenchmen,"French, Frenchman, Frenchmen",Frenchmen,37,1846,1,1
Hanoverians,Hanoverians,Hanoverians,37,1846,1,1
Irish,Irish,Irish,37,1846,1,1
Jews,Jews,Jews,37,1846,1,1
Palatinates,Palatinates & Palatines,Palatinates,37,1846,1,1
Saracens,Saracens,Saracens,37,1846,1,1
Scandinavians,Scandinavians,Scandinavians,37,1846,1,1
Sikhs,"Sieks, Sieyes, Sikhs and 1 more",Sikhs,37,1846,1,1
Tatars,Tatars,Tatars,37,1846,1,1
Tuscans,Tuscans,Tuscans,37,1846,1,1
Yankees,Yankees,Yankees,37,1846,1,1
Christians,Christians,Christians,37,1846,1,2
Mussulmans,"Moslemans, Moslems, Moslims and 3 more",Mussulmans,37,1846,1,2
Pagans,Pagans,Pagans,37,1846,1,2
Romans,Romans,Romans,37,1846,1,2
Texians,Texians,Texians,37,1846,1,2
Turks,"Turcomans, Turk, Turkmans and 2 more",Turks,37,1846,1,2
Creoles,Creoles,Creoles,37,1846,1,3
Chinese,Chinese,Chinese,37,1846,1,4
Mexicans,Mexicans,Mexicans,37,1846,1,4
Italians,Italians,Italians & Italiennes,37,1846,1,5
Parisians,Parisians,Parisians,37,1846,1,5
Russians,Russians,Russians,37,1846,1,5
Germans,Germans,Germans,37,1846,1,6
Jesuits,Jesuits,Jesuits,37,1846,1,6
Protestants,Protestants,Protestants,37,1846,1,6
Americans,"Americaines, Americains, Americans",Americans,37,1846,1,9
Europeans,Europeans,Europeans,37,1846,1,9
Catholics,Catholics,Catholics,37,1846,1,13
Arabs,"Arabes, Arabians, Arabs",Arabs,37,1846,1,16
Indians,Indians,Indians,37,1846,1,20
